date,channel,period,impressions,clicks,video_views,spend_usd,likes,shares,comments,signups,free_trials,memberships,rewards_joined,ctr,cpc,signup_rate,trial_rate,membership_rate,cpa_membership
2025-10-01,TikTok,pre_campaign,127664.0,2080.0,59326.0,0.0,6287.0,698.0,354.0,116,48,7,47,0.0163,0.0,0.0558,0.4138,0.1458,0.0
2025-10-01,Instagram,pre_campaign,78071.0,872.0,24734.0,0.0,3400.0,349.0,96.0,58,31,8,15,0.0112,0.0,0.0665,0.5345,0.2581,0.0
2025-10-01,YouTube,pre_campaign,0.0,0.0,0.0,0.0,0.0,0.0,0.0,0,0,0,0,,,,,,
2025-10-01,X,pre_campaign,42378.0,345.0,2492.0,0.0,486.0,80.0,29.0,20,9,1,3,0.0081,0.0,0.058,0.45,0.1111,0.0
2025-10-01,TV_Trailer,pre_campaign,103586.0,313.0,20482.0,0.0,0.0,0.0,0.0,8,7,2,1,0.003,0.0,0.0256,0.875,0.2857,0.0
2025-10-01,Website,pre_campaign,0.0,0.0,0.0,0.0,0.0,0.0,0.0,0,0,0,0,,,,,,
2025-10-02,TikTok,pre_campaign,411389.0,4911.0,189661.0,0.0,20862.0,1981.0,1294.0,292,147,28,119,0.0119,0.0,0.0595,0.5034,0.1905,0.0
2025-10-02,Instagram,pre_campaign,0.0,0.0,0.0,0.0,0.0,0.0,0.0,0,0,0,0,,,,,,
2025-10-02,YouTube,pre_campaign,0.0,0.0,0.0,0.0,0.0,0.0,0.0,0,0,0,0,,,,,,
2025-10-02,X,pre_campaign,0.0,0.0,0.0,0.0,0.0,0.0,0.0,0,0,0,0,,,,,,
2025-10-02,TV_Trailer,pre_campaign,0.0,0.0,0.0,0.0,0.0,0.0,0.0,0,0,0,0,,,,,,
2025-10-02,Website,pre_campaign,0.0,0.0,0.0,0.0,0.0,0.0,0.0,0,0,0,0,,,,,,
2025-10-03,TikTok,pre_campaign,627004.0,6340.0,299800.0,0.0,33295.0,6338.0,1205.0,443,220,52,130,0.0101,0.0,0.0699,0.4966,0.2364,0.0
2025-10-03,Instagram,pre_campaign,128268.0,2529.0,37583.0,1227.02,5764.0,71.0,180.0,172,91,18,46,0.0197,0.4852,0.068,0.5291,0.1978,68.1678
2025-10-03,YouTube,pre_campaign,0.0,0.0,0.0,0.0,0.0,0.0,0.0,0,0,0,0,,,,,,
2025-10-03,X,pre_campaign,126755.0,1161.0,3582.0,624.78,1470.0,520.0,140.0,61,24,6,12,0.0092,0.5381,0.0525,0.3934,0.25,104.13
2025-10-03,TV_Trailer,pre_campaign,0.0,0.0,0.0,0.0,0.0,0.0,0.0,0,0,0,0,,,,,,
2025-10-03,Website,pre_campaign,0.0,0.0,0.0,0.0,0.0,0.0,0.0,0,0,0,0,,,,,,
2025-10-04,TikTok,pre_campaign,85343.0,1279.0,31906.0,0.0,2081.0,1076.0,264.0,74,27,5,29,0.015,0.0,0.0579,0.3649,0.1852,0.0
2025-10-04,Instagram,pre_campaign,0.0,0.0,0.0,0.0,0.0,0.0,0.0,0,0,0,0,,,,,,
2025-10-04,YouTube,pre_campaign,66721.0,567.0,38562.0,0.0,1367.0,177.0,167.0,38,17,3,10,0.0085,0.0,0.067,0.4474,0.1765,0.0
2025-10-04,X,pre_campaign,139084.0,1065.0,5530.0,497.32,1847.0,392.0,74.0,59,27,6,16,0.0077,0.467,0.0554,0.4576,0.2222,82.8867
2025-10-04,TV_Trailer,pre_campaign,0.0,0.0,0.0,0.0,0.0,0.0,0.0,0,0,0,0,,,,,,
2025-10-04,Website,pre_campaign,0.0,0.0,0.0,0.0,0.0,0.0,0.0,0,0,0,0,,,,,,
2025-10-05,TikTok,pre_campaign,0.0,0.0,0.0,0.0,0.0,0.0,0.0,0,0,0,0,,,,,,
2025-10-05,Instagram,pre_campaign,50282.0,671.0,22886.0,0.0,1300.0,227.0,58.0,50,33,14,16,0.0133,0.0,0.0745,0.66,0.4242,0.0
2025-10-05,YouTube,pre_campaign,0.0,0.0,0.0,0.0,0.0,0.0,0.0,1,1,0,0,,,,1.0,0.0,
2025-10-05,X,pre_campaign,39621.0,367.0,2608.0,298.15,396.0,114.0,19.0,15,7,0,1,0.0093,0.8124,0.0409,0.4667,0.0,
2025-10-05,TV_Trailer,pre_campaign,0.0,0.0,0.0,0.0,0.0,0.0,0.0,0,0,0,0,,,,,,
2025-10-05,Website,pre_campaign,0.0,0.0,0.0,0.0,0.0,0.0,0.0,0,0,0,0,,,,,,
2025-10-06,TikTok,pre_campaign,241994.0,3321.0,108512.0,0.0,11358.0,955.0,844.0,199,83,20,62,0.0137,0.0,0.0599,0.4171,0.241,0.0
2025-10-06,Instagram,pre_campaign,0.0,0.0,0.0,0.0,0.0,0.0,0.0,0,0,0,0,,,,,,
2025-10-06,YouTube,pre_campaign,47790.0,727.0,32705.0,0.0,326.0,111.0,43.0,58,30,12,21,0.0152,0.0,0.0798,0.5172,0.4,0.0
2025-10-06,X,pre_campaign,0.0,0.0,0.0,0.0,0.0,0.0,0.0,0,0,0,0,,,,,,
2025-10-06,TV_Trailer,pre_campaign,0.0,0.0,0.0,0.0,0.0,0.0,0.0,0,0,0,0,,,,,,
2025-10-06,Website,pre_campaign,0.0,0.0,0.0,0.0,0.0,0.0,0.0,0,0,0,0,,,,,,
2025-10-07,TikTok,pre_campaign,93766.0,909.0,36296.0,0.0,2745.0,124.0,443.0,45,18,7,15,0.0097,0.0,0.0495,0.4,0.3889,0.0
2025-10-07,Instagram,pre_campaign,254055.0,5708.0,81677.0,926.03,8495.0,441.0,343.0,426,242,72,139,0.0225,0.1622,0.0746,0.5681,0.2975,12.8615
2025-10-07,YouTube,pre_campaign,0.0,0.0,0.0,0.0,0.0,0.0,0.0,0,0,0,0,,,,,,
2025-10-07,X,pre_campaign,103914.0,734.0,4059.0,439.77,1258.0,260.0,76.0,27,9,2,3,0.0071,0.5991,0.0368,0.3333,0.2222,219.885
2025-10-07,TV_Trailer,pre_campaign,0.0,0.0,0.0,0.0,0.0,0.0,0.0,0,0,0,0,,,,,,
2025-10-07,Website,pre_campaign,0.0,0.0,0.0,0.0,0.0,0.0,0.0,0,0,0,0,,,,,,
2025-10-08,TikTok,pre_campaign,98972.0,1049.0,56432.0,0.0,5509.0,548.0,397.0,61,30,5,15,0.0106,0.0,0.0582,0.4918,0.1667,0.0
2025-10-08,Instagram,pre_campaign,104756.0,1869.0,24813.0,786.04,3401.0,0.0,251.0,141,68,19,42,0.0178,0.4206,0.0754,0.4823,0.2794,41.3705
2025-10-08,YouTube,pre_campaign,0.0,0.0,0.0,0.0,0.0,0.0,0.0,0,0,0,0,,,,,,
2025-10-08,X,pre_campaign,27753.0,118.0,1061.0,0.0,301.0,0.0,31.0,2,0,0,0,0.0043,0.0,0.0169,0.0,,
2025-10-08,TV_Trailer,pre_campaign,0.0,0.0,0.0,0.0,0.0,0.0,0.0,0,0,0,0,,,,,,
2025-10-08,Website,pre_campaign,0.0,0.0,0.0,0.0,0.0,0.0,0.0,0,0,0,0,,,,,,
2025-10-09,TikTok,pre_campaign,186640.0,2277.0,77172.0,1541.68,10442.0,1615.0,596.0,147,66,21,60,0.0122,0.6771,0.0646,0.449,0.3182,73.4133
2025-10-09,Instagram,pre_campaign,38189.0,490.0,14573.0,0.0,1652.0,0.0,68.0,46,27,6,16,0.0128,0.0,0.0939,0.587,0.2222,0.0
2025-10-09,YouTube,pre_campaign,50543.0,450.0,29121.0,0.0,671.0,175.0,38.0,20,4,0,4,0.0089,0.0,0.0444,0.2,0.0,
2025-10-09,X,pre_campaign,0.0,0.0,0.0,0.0,0.0,0.0,0.0,0,0,0,0,,,,,,
2025-10-09,TV_Trailer,pre_campaign,0.0,0.0,0.0,0.0,0.0,0.0,0.0,1,1,1,0,,,,1.0,1.0,0.0
2025-10-09,Website,pre_campaign,0.0,0.0,0.0,0.0,0.0,0.0,0.0,0,0,0,0,,,,,,
2025-10-10,TikTok,pre_campaign,0.0,0.0,0.0,0.0,0.0,0.0,0.0,0,0,0,0,,,,,,
2025-10-10,Instagram,pre_campaign,58550.0,901.0,18156.0,0.0,1386.0,145.0,102.0,62,31,10,21,0.0154,0.0,0.0688,0.5,0.3226,0.0
2025-10-10,YouTube,pre_campaign,0.0,0.0,0.0,0.0,0.0,0.0,0.0,0,0,0,0,,,,,,
2025-10-10,X,pre_campaign,53795.0,303.0,2237.0,0.0,453.0,143.0,46.0,16,9,2,4,0.0056,0.0,0.0528,0.5625,0.2222,0.0
2025-10-10,TV_Trailer,pre_campaign,0.0,0.0,0.0,0.0,0.0,0.0,0.0,0,0,0,0,,,,,,
2025-10-10,Website,pre_campaign,0.0,0.0,0.0,0.0,0.0,0.0,0.0,0,0,0,0,,,,,,
2025-10-11,TikTok,pre_campaign,126934.0,2573.0,74836.0,0.0,6212.0,0.0,331.0,150,62,18,64,0.0203,0.0,0.0583,0.4133,0.2903,0.0
2025-10-11,Instagram,pre_campaign,70193.0,904.0,16747.0,0.0,1397.0,87.0,120.0,76,38,13,32,0.0129,0.0,0.0841,0.5,0.3421,0.0
2025-10-11,YouTube,pre_campaign,49832.0,634.0,27829.0,0.0,904.0,128.0,104.0,36,19,5,11,0.0127,0.0,0.0568,0.5278,0.2632,0.0
2025-10-11,X,pre_campaign,68529.0,525.0,4439.0,0.0,903.0,207.0,79.0,26,11,2,8,0.0077,0.0,0.0495,0.4231,0.1818,0.0
2025-10-11,TV_Trailer,pre_campaign,0.0,0.0,0.0,0.0,0.0,0.0,0.0,0,0,0,0,,,,,,
2025-10-11,Website,pre_campaign,0.0,0.0,0.0,0.0,0.0,0.0,0.0,0,0,0,0,,,,,,
2025-10-12,TikTok,pre_campaign,892284.0,11428.0,418645.0,0.0,46685.0,8521.0,2717.0,729,337,86,281,0.0128,0.0,0.0638,0.4623,0.2552,0.0
2025-10-12,Instagram,pre_campaign,53142.0,1078.0,13719.0,0.0,2692.0,241.0,37.0,77,36,11,20,0.0203,0.0,0.0714,0.4675,0.3056,0.0
2025-10-12,YouTube,pre_campaign,162378.0,1426.0,99700.0,977.55,3179.0,309.0,153.0,100,56,15,39,0.0088,0.6855,0.0701,0.56,0.2679,65.17
2025-10-12,X,pre_campaign,79415.0,859.0,3067.0,400.18,1360.0,166.0,68.0,46,13,4,12,0.0108,0.4659,0.0536,0.2826,0.3077,100.045
2025-10-12,TV_Trailer,pre_campaign,0.0,0.0,0.0,0.0,0.0,0.0,0.0,0,0,0,0,,,,,,
2025-10-12,Website,pre_campaign,0.0,0.0,0.0,0.0,0.0,0.0,0.0,0,0,0,0,,,,,,
2025-10-13,TikTok,pre_campaign,192773.0,3014.0,94843.0,0.0,6263.0,1659.0,434.0,207,89,23,64,0.0156,0.0,0.0687,0.43,0.2584,0.0
2025-10-13,Instagram,pre_campaign,135955.0,2442.0,49056.0,0.0,4557.0,332.0,287.0,179,82,19,61,0.018,0.0,0.0733,0.4581,0.2317,0.0
2025-10-13,YouTube,pre_campaign,34215.0,301.0,20386.0,0.0,742.0,166.0,81.0,21,13,3,2,0.0088,0.0,0.0698,0.619,0.2308,0.0
2025-10-13,X,pre_campaign,0.0,0.0,0.0,0.0,0.0,0.0,0.0,0,0,0,0,,,,,,
2025-10-13,TV_Trailer,pre_campaign,0.0,0.0,0.0,0.0,0.0,0.0,0.0,0,0,0,0,,,,,,
2025-10-13,Website,pre_campaign,0.0,0.0,0.0,0.0,0.0,0.0,0.0,0,0,0,0,,,,,,
2025-10-14,TikTok,pre_campaign,223268.0,953.0,109124.0,1527.82,7934.0,3039.0,839.0,63,26,4,24,0.0043,1.6032,0.0661,0.4127,0.1538,381.955
2025-10-14,Instagram,pre_campaign,210530.0,3117.0,83410.0,1003.96,8289.0,923.0,181.0,269,143,43,95,0.0148,0.3221,0.0863,0.5316,0.3007,23.3479
2025-10-14,YouTube,pre_campaign,0.0,0.0,0.0,0.0,0.0,0.0,0.0,0,0,0,0,,,,,,
2025-10-14,X,pre_campaign,0.0,0.0,0.0,0.0,0.0,0.0,0.0,0,0,0,0,,,,,,
2025-10-14,TV_Trailer,pre_campaign,0.0,0.0,0.0,0.0,0.0,0.0,0.0,0,0,0,0,,,,,,
2025-10-14,Website,pre_campaign,0.0,0.0,0.0,0.0,0.0,0.0,0.0,0,0,0,0,,,,,,
2025-10-15,TikTok,pre_campaign,0.0,0.0,0.0,0.0,0.0,0.0,0.0,0,0,0,0,,,,,,
2025-10-15,Instagram,pre_campaign,0.0,0.0,0.0,0.0,0.0,0.0,0.0,0,0,0,0,,,,,,
2025-10-15,YouTube,pre_campaign,28257.0,304.0,16393.0,0.0,317.0,72.0,46.0,20,10,5,3,0.0108,0.0,0.0658,0.5,0.5,0.0
2025-10-15,X,pre_campaign,16589.0,155.0,331.0,0.0,118.0,41.0,5.0,9,3,1,3,0.0093,0.0,0.0581,0.3333,0.3333,0.0
2025-10-15,TV_Trailer,pre_campaign,0.0,0.0,0.0,0.0,0.0,0.0,0.0,0,0,0,0,,,,,,
2025-10-15,Website,pre_campaign,8159.0,527.0,366.0,0.0,0.0,0.0,0.0,82,46,16,41,0.0646,0.0,0.1556,0.561,0.3478,0.0
2025-10-16,TikTok,pre_campaign,500787.0,5169.0,275852.0,0.0,23010.0,1865.0,1681.0,355,167,42,124,0.0103,0.0,0.0687,0.4704,0.2515,0.0
2025-10-16,Instagram,pre_campaign,63377.0,1282.0,31553.0,970.0,1451.0,172.0,27.0,110,59,12,36,0.0202,0.7566,0.0858,0.5364,0.2034,80.8333
2025-10-16,YouTube,pre_campaign,0.0,0.0,0.0,0.0,0.0,0.0,0.0,0,0,0,0,,,,,,
2025-10-16,X,pre_campaign,90092.0,1072.0,4394.0,525.07,622.0,81.0,43.0,62,27,4,16,0.0119,0.4898,0.0578,0.4355,0.1481,131.2675
2025-10-16,TV_Trailer,pre_campaign,0.0,0.0,0.0,0.0,0.0,0.0,0.0,0,0,0,0,,,,,,
2025-10-16,Website,pre_campaign,9427.0,610.0,566.0,0.0,0.0,0.0,0.0,119,76,30,43,0.0647,0.0,0.1951,0.6387,0.3947,0.0
2025-10-17,TikTok,pre_campaign,158152.0,1382.0,80627.0,0.0,5774.0,1272.0,609.0,90,34,5,41,0.0087,0.0,0.0651,0.3778,0.1471,0.0
2025-10-17,Instagram,pre_campaign,67132.0,1186.0,25382.0,0.0,2179.0,250.0,130.0,83,41,7,30,0.0177,0.0,0.07,0.494,0.1707,0.0
2025-10-17,YouTube,pre_campaign,77456.0,502.0,49362.0,0.0,1721.0,216.0,105.0,33,20,4,7,0.0065,0.0,0.0657,0.6061,0.2,0.0
2025-10-17,X,pre_campaign,0.0,0.0,0.0,0.0,0.0,0.0,0.0,2,1,0,1,,,,0.5,0.0,
2025-10-17,TV_Trailer,pre_campaign,0.0,0.0,0.0,0.0,0.0,0.0,0.0,0,0,0,0,,,,,,
2025-10-17,Website,pre_campaign,27344.0,1571.0,1125.0,0.0,0.0,0.0,0.0,282,172,72,99,0.0575,0.0,0.1795,0.6099,0.4186,0.0
2025-10-18,TikTok,pre_campaign,488033.0,6003.0,262320.0,0.0,23925.0,3501.0,735.0,399,160,45,133,0.0123,0.0,0.0665,0.401,0.2812,0.0
2025-10-18,Instagram,pre_campaign,0.0,0.0,0.0,0.0,0.0,0.0,0.0,0,0,0,0,,,,,,
2025-10-18,YouTube,pre_campaign,0.0,0.0,0.0,0.0,0.0,0.0,0.0,0,0,0,0,,,,,,
2025-10-18,X,pre_campaign,30082.0,195.0,1048.0,0.0,544.0,74.0,8.0,12,3,0,5,0.0065,0.0,0.0615,0.25,0.0,
2025-10-18,TV_Trailer,pre_campaign,65053.0,293.0,12196.0,0.0,0.0,0.0,0.0,11,6,2,5,0.0045,0.0,0.0375,0.5455,0.3333,0.0
2025-10-18,Website,pre_campaign,0.0,0.0,0.0,0.0,0.0,0.0,0.0,0,0,0,0,,,,,,
2025-10-19,TikTok,pre_campaign,316661.0,3668.0,166560.0,0.0,16320.0,3288.0,543.0,258,129,40,92,0.0116,0.0,0.0703,0.5,0.3101,0.0
2025-10-19,Instagram,pre_campaign,58927.0,1002.0,21104.0,0.0,1144.0,133.0,102.0,86,48,17,25,0.017,0.0,0.0858,0.5581,0.3542,0.0
2025-10-19,YouTube,pre_campaign,57542.0,818.0,33681.0,0.0,721.0,121.0,9.0,54,26,8,14,0.0142,0.0,0.066,0.4815,0.3077,0.0
2025-10-19,X,pre_campaign,0.0,0.0,0.0,0.0,0.0,0.0,0.0,0,0,0,0,,,,,,
2025-10-19,TV_Trailer,pre_campaign,0.0,0.0,0.0,0.0,0.0,0.0,0.0,0,0,0,0,,,,,,
2025-10-19,Website,pre_campaign,0.0,0.0,0.0,0.0,0.0,0.0,0.0,0,0,0,0,,,,,,
2025-10-20,TikTok,pre_campaign,189643.0,2483.0,74134.0,0.0,10523.0,1249.0,560.0,166,86,19,42,0.0131,0.0,0.0669,0.5181,0.2209,0.0
2025-10-20,Instagram,pre_campaign,207372.0,3573.0,74425.0,0.0,7393.0,444.0,456.0,284,136,45,111,0.0172,0.0,0.0795,0.4789,0.3309,0.0
2025-10-20,YouTube,pre_campaign,0.0,0.0,0.0,0.0,0.0,0.0,0.0,0,0,0,0,,,,,,
2025-10-20,X,pre_campaign,137653.0,1333.0,6244.0,0.0,2080.0,318.0,56.0,72,33,8,8,0.0097,0.0,0.054,0.4583,0.2424,0.0
2025-10-20,TV_Trailer,pre_campaign,0.0,0.0,0.0,0.0,0.0,0.0,0.0,0,0,0,0,,,,,,
2025-10-20,Website,pre_campaign,0.0,0.0,0.0,0.0,0.0,0.0,0.0,0,0,0,0,,,,,,
2025-10-21,TikTok,pre_campaign,441428.0,5738.0,224878.0,0.0,15118.0,2587.0,731.0,377,185,34,131,0.013,0.0,0.0657,0.4907,0.1838,0.0
2025-10-21,Instagram,pre_campaign,0.0,0.0,0.0,0.0,0.0,0.0,0.0,0,0,0,0,,,,,,
2025-10-21,YouTube,pre_campaign,0.0,0.0,0.0,0.0,0.0,0.0,0.0,0,0,0,0,,,,,,
2025-10-21,X,pre_campaign,25124.0,212.0,1244.0,517.88,185.0,50.0,18.0,6,3,0,3,0.0084,2.4428,0.0283,0.5,0.0,
2025-10-21,TV_Trailer,pre_campaign,145695.0,1073.0,30769.0,0.0,0.0,0.0,0.0,52,33,17,14,0.0074,0.0,0.0485,0.6346,0.5152,0.0
2025-10-21,Website,pre_campaign,0.0,0.0,0.0,0.0,0.0,0.0,0.0,0,0,0,0,,,,,,
2025-10-22,TikTok,pre_campaign,230754.0,3689.0,100238.0,0.0,8682.0,1564.0,480.0,249,127,38,80,0.016,0.0,0.0675,0.51,0.2992,0.0
2025-10-22,Instagram,pre_campaign,160408.0,1939.0,57048.0,0.0,4621.0,394.0,334.0,156,75,22,49,0.0121,0.0,0.0805,0.4808,0.2933,0.0
2025-10-22,YouTube,pre_campaign,0.0,0.0,0.0,0.0,0.0,0.0,0.0,0,0,0,0,,,,,,
2025-10-22,X,pre_campaign,52213.0,512.0,1044.0,0.0,325.0,100.0,17.0,36,21,4,5,0.0098,0.0,0.0703,0.5833,0.1905,0.0
2025-10-22,TV_Trailer,pre_campaign,727919.0,3200.0,138468.0,2746.84,0.0,0.0,0.0,103,63,26,25,0.0044,0.8584,0.0322,0.6117,0.4127,105.6477
2025-10-22,Website,pre_campaign,26776.0,1677.0,1105.0,0.0,0.0,0.0,0.0,293,187,64,119,0.0626,0.0,0.1747,0.6382,0.3422,0.0
2025-10-23,TikTok,pre_campaign,234292.0,2833.0,111530.0,1137.9,10099.0,3275.0,657.0,190,98,25,66,0.0121,0.4017,0.0671,0.5158,0.2551,45.516
2025-10-23,Instagram,pre_campaign,149992.0,2513.0,51329.0,558.06,6521.0,823.0,229.0,202,115,29,53,0.0168,0.2221,0.0804,0.5693,0.2522,19.2434
2025-10-23,YouTube,pre_campaign,0.0,0.0,0.0,0.0,0.0,0.0,0.0,0,0,0,0,,,,,,
2025-10-23,X,pre_campaign,0.0,0.0,0.0,0.0,0.0,0.0,0.0,0,0,0,0,,,,,,
2025-10-23,TV_Trailer,pre_campaign,0.0,0.0,0.0,0.0,0.0,0.0,0.0,0,0,0,0,,,,,,
2025-10-23,Website,pre_campaign,0.0,0.0,0.0,0.0,0.0,0.0,0.0,0,0,0,0,,,,,,
2025-10-24,TikTok,pre_campaign,0.0,0.0,0.0,0.0,0.0,0.0,0.0,0,0,0,0,,,,,,
2025-10-24,Instagram,pre_campaign,0.0,0.0,0.0,0.0,0.0,0.0,0.0,0,0,0,0,,,,,,
2025-10-24,YouTube,pre_campaign,0.0,0.0,0.0,0.0,0.0,0.0,0.0,0,0,0,0,,,,,,
2025-10-24,X,pre_campaign,72532.0,720.0,2287.0,0.0,1278.0,164.0,66.0,33,15,1,7,0.0099,0.0,0.0458,0.4545,0.0667,0.0
2025-10-24,TV_Trailer,pre_campaign,0.0,0.0,0.0,0.0,0.0,0.0,0.0,0,0,0,0,,,,,,
2025-10-24,Website,pre_campaign,0.0,0.0,0.0,0.0,0.0,0.0,0.0,0,0,0,0,,,,,,
2025-10-25,TikTok,pre_campaign,579966.0,7339.0,273238.0,1121.49,33457.0,4197.0,1059.0,510,195,56,172,0.0127,0.1528,0.0695,0.3824,0.2872,20.0266
2025-10-25,Instagram,pre_campaign,0.0,0.0,0.0,0.0,0.0,0.0,0.0,0,0,0,0,,,,,,
2025-10-25,YouTube,pre_campaign,0.0,0.0,0.0,0.0,0.0,0.0,0.0,0,0,0,0,,,,,,
2025-10-25,X,pre_campaign,0.0,0.0,0.0,0.0,0.0,0.0,0.0,0,0,0,0,,,,,,
2025-10-25,TV_Trailer,pre_campaign,0.0,0.0,0.0,0.0,0.0,0.0,0.0,0,0,0,0,,,,,,
2025-10-25,Website,pre_campaign,0.0,0.0,0.0,0.0,0.0,0.0,0.0,0,0,0,0,,,,,,
2025-10-26,TikTok,pre_campaign,158172.0,1713.0,75266.0,0.0,10985.0,862.0,620.0,90,29,9,34,0.0108,0.0,0.0525,0.3222,0.3103,0.0
2025-10-26,Instagram,pre_campaign,0.0,0.0,0.0,0.0,0.0,0.0,0.0,0,0,0,0,,,,,,
2025-10-26,YouTube,pre_campaign,23299.0,196.0,15495.0,0.0,362.0,93.0,28.0,11,4,4,5,0.0084,0.0,0.0561,0.3636,1.0,0.0
2025-10-26,X,pre_campaign,95467.0,724.0,3950.0,414.68,963.0,245.0,62.0,41,15,6,8,0.0076,0.5728,0.0566,0.3659,0.4,69.1133
2025-10-26,TV_Trailer,pre_campaign,0.0,0.0,0.0,0.0,0.0,0.0,0.0,0,0,0,0,,,,,,
2025-10-26,Website,pre_campaign,0.0,0.0,0.0,0.0,0.0,0.0,0.0,0,0,0,0,,,,,,
2025-10-27,TikTok,pre_campaign,235512.0,2286.0,111194.0,0.0,7104.0,1460.0,928.0,146,74,22,45,0.0097,0.0,0.0639,0.5068,0.2973,0.0
2025-10-27,Instagram,pre_campaign,103885.0,2267.0,32284.0,1194.2,2495.0,85.0,191.0,166,89,24,56,0.0218,0.5268,0.0732,0.5361,0.2697,49.7583
2025-10-27,YouTube,pre_campaign,174148.0,2107.0,120054.0,1188.84,2937.0,378.0,222.0,154,78,25,36,0.0121,0.5642,0.0731,0.5065,0.3205,47.5536
2025-10-27,X,pre_campaign,35900.0,351.0,2122.0,0.0,600.0,140.0,2.0,21,6,0,5,0.0098,0.0,0.0598,0.2857,0.0,
2025-10-27,TV_Trailer,pre_campaign,0.0,0.0,0.0,0.0,0.0,0.0,0.0,0,0,0,0,,,,,,
2025-10-27,Website,pre_campaign,0.0,0.0,0.0,0.0,0.0,0.0,0.0,0,0,0,0,,,,,,
2025-10-28,TikTok,pre_campaign,115348.0,962.0,65725.0,0.0,8039.0,2000.0,294.0,66,27,5,24,0.0083,0.0,0.0686,0.4091,0.1852,0.0
2025-10-28,Instagram,pre_campaign,127382.0,1787.0,38954.0,0.0,4508.0,271.0,178.0,139,80,26,39,0.014,0.0,0.0778,0.5755,0.325,0.0
2025-10-28,YouTube,pre_campaign,0.0,0.0,0.0,0.0,0.0,0.0,0.0,0,0,0,0,,,,,,
2025-10-28,X,pre_campaign,0.0,0.0,0.0,0.0,0.0,0.0,0.0,0,0,0,0,,,,,,
2025-10-28,TV_Trailer,pre_campaign,132072.0,794.0,45534.0,0.0,0.0,0.0,0.0,35,17,4,8,0.006,0.0,0.0441,0.4857,0.2353,0.0
2025-10-28,Website,pre_campaign,0.0,0.0,0.0,0.0,0.0,0.0,0.0,0,0,0,0,,,,,,
2025-10-29,TikTok,pre_campaign,91693.0,951.0,49240.0,0.0,2726.0,774.0,187.0,62,41,10,20,0.0104,0.0,0.0652,0.6613,0.2439,0.0
2025-10-29,Instagram,pre_campaign,0.0,0.0,0.0,0.0,0.0,0.0,0.0,0,0,0,0,,,,,,
2025-10-29,YouTube,pre_campaign,0.0,0.0,0.0,0.0,0.0,0.0,0.0,0,0,0,0,,,,,,
2025-10-29,X,pre_campaign,33654.0,143.0,1332.0,0.0,411.0,0.0,21.0,11,3,1,1,0.0042,0.0,0.0769,0.2727,0.3333,0.0
2025-10-29,TV_Trailer,pre_campaign,0.0,0.0,0.0,0.0,0.0,0.0,0.0,0,0,0,0,,,,,,
2025-10-29,Website,pre_campaign,0.0,0.0,0.0,0.0,0.0,0.0,0.0,0,0,0,0,,,,,,
2025-10-30,TikTok,pre_campaign,0.0,0.0,0.0,0.0,0.0,0.0,0.0,0,0,0,0,,,,,,
2025-10-30,Instagram,pre_campaign,0.0,0.0,0.0,0.0,0.0,0.0,0.0,0,0,0,0,,,,,,
2025-10-30,YouTube,pre_campaign,0.0,0.0,0.0,0.0,0.0,0.0,0.0,0,0,0,0,,,,,,
2025-10-30,X,pre_campaign,0.0,0.0,0.0,0.0,0.0,0.0,0.0,0,0,0,0,,,,,,
2025-10-30,TV_Trailer,pre_campaign,0.0,0.0,0.0,0.0,0.0,0.0,0.0,0,0,0,0,,,,,,
2025-10-30,Website,pre_campaign,0.0,0.0,0.0,0.0,0.0,0.0,0.0,0,0,0,0,,,,,,
2025-10-31,TikTok,pre_campaign,423855.0,4259.0,186527.0,1121.67,14492.0,5290.0,1214.0,269,110,23,97,0.01,0.2634,0.0632,0.4089,0.2091,48.7683
2025-10-31,Instagram,pre_campaign,0.0,0.0,0.0,0.0,0.0,0.0,0.0,0,0,0,0,,,,,,
2025-10-31,YouTube,pre_campaign,79946.0,481.0,54479.0,1134.94,892.0,364.0,73.0,29,13,4,4,0.006,2.3595,0.0603,0.4483,0.3077,283.735
2025-10-31,X,pre_campaign,0.0,0.0,0.0,0.0,0.0,0.0,0.0,0,0,0,0,,,,,,
2025-10-31,TV_Trailer,pre_campaign,0.0,0.0,0.0,0.0,0.0,0.0,0.0,0,0,0,0,,,,,,
2025-10-31,Website,pre_campaign,0.0,0.0,0.0,0.0,0.0,0.0,0.0,0,0,0,0,,,,,,
2025-11-01,TikTok,pre_campaign,106681.0,1980.0,50978.0,0.0,6623.0,438.0,257.0,125,51,10,54,0.0186,0.0,0.0631,0.408,0.1961,0.0
2025-11-01,Instagram,pre_campaign,94606.0,1411.0,37443.0,0.0,3867.0,316.0,77.0,131,70,22,56,0.0149,0.0,0.0928,0.5344,0.3143,0.0
2025-11-01,YouTube,pre_campaign,0.0,0.0,0.0,0.0,0.0,0.0,0.0,0,0,0,0,,,,,,
2025-11-01,X,pre_campaign,59983.0,392.0,2702.0,0.0,672.0,129.0,50.0,27,14,2,9,0.0065,0.0,0.0689,0.5185,0.1429,0.0
2025-11-01,TV_Trailer,pre_campaign,0.0,0.0,0.0,0.0,0.0,0.0,0.0,0,0,0,0,,,,,,
2025-11-01,Website,pre_campaign,11135.0,824.0,381.0,0.0,0.0,0.0,0.0,159,108,37,61,0.074,0.0,0.193,0.6792,0.3426,0.0
2025-11-02,TikTok,pre_campaign,491925.0,6981.0,274772.0,876.96,14702.0,3658.0,1800.0,469,233,55,185,0.0142,0.1256,0.0672,0.4968,0.2361,15.9447
2025-11-02,Instagram,pre_campaign,71125.0,531.0,32105.0,0.0,2852.0,288.0,67.0,40,19,9,15,0.0075,0.0,0.0753,0.475,0.4737,0.0
2025-11-02,YouTube,pre_campaign,0.0,0.0,0.0,0.0,0.0,0.0,0.0,0,0,0,0,,,,,,
2025-11-02,X,pre_campaign,91731.0,1052.0,2502.0,553.71,1196.0,114.0,75.0,49,17,5,8,0.0115,0.5263,0.0466,0.3469,0.2941,110.742
2025-11-02,TV_Trailer,pre_campaign,0.0,0.0,0.0,0.0,0.0,0.0,0.0,0,0,0,0,,,,,,
2025-11-02,Website,pre_campaign,0.0,0.0,0.0,0.0,0.0,0.0,0.0,0,0,0,0,,,,,,
2025-11-03,TikTok,pre_campaign,644896.0,6585.0,290436.0,1329.9,33757.0,4597.0,1693.0,407,228,51,116,0.0102,0.202,0.0618,0.5602,0.2237,26.0765
2025-11-03,Instagram,pre_campaign,159693.0,2268.0,54805.0,0.0,3566.0,357.0,229.0,169,83,21,58,0.0142,0.0,0.0745,0.4911,0.253,0.0
2025-11-03,YouTube,pre_campaign,0.0,0.0,0.0,0.0,0.0,0.0,0.0,0,0,0,0,,,,,,
2025-11-03,X,pre_campaign,71281.0,617.0,3425.0,0.0,913.0,79.0,90.0,21,11,0,4,0.0087,0.0,0.034,0.5238,0.0,
2025-11-03,TV_Trailer,pre_campaign,0.0,0.0,0.0,0.0,0.0,0.0,0.0,0,0,0,0,,,,,,
2025-11-03,Website,pre_campaign,0.0,0.0,0.0,0.0,0.0,0.0,0.0,0,0,0,0,,,,,,
2025-11-04,TikTok,pre_campaign,459283.0,5981.0,238254.0,0.0,15976.0,4713.0,853.0,399,203,59,131,0.013,0.0,0.0667,0.5088,0.2906,0.0
2025-11-04,Instagram,pre_campaign,294358.0,4803.0,94017.0,981.96,12268.0,501.0,664.0,380,195,62,114,0.0163,0.2044,0.0791,0.5132,0.3179,15.8381
2025-11-04,YouTube,pre_campaign,0.0,0.0,0.0,0.0,0.0,0.0,0.0,0,0,0,0,,,,,,
2025-11-04,X,pre_campaign,0.0,0.0,0.0,0.0,0.0,0.0,0.0,0,0,0,0,,,,,,
2025-11-04,TV_Trailer,pre_campaign,0.0,0.0,0.0,0.0,0.0,0.0,0.0,0,0,0,0,,,,,,
2025-11-04,Website,pre_campaign,0.0,0.0,0.0,0.0,0.0,0.0,0.0,0,0,0,0,,,,,,
2025-11-05,TikTok,pre_campaign,1687746.0,19745.0,807724.0,2036.06,96088.0,18709.0,5449.0,1319,598,151,413,0.0117,0.1031,0.0668,0.4534,0.2525,13.4838
2025-11-05,Instagram,pre_campaign,252111.0,5355.0,90767.0,0.0,11952.0,693.0,549.0,462,253,80,166,0.0212,0.0,0.0863,0.5476,0.3162,0.0
2025-11-05,YouTube,pre_campaign,0.0,0.0,0.0,0.0,0.0,0.0,0.0,0,0,0,0,,,,,,
2025-11-05,X,pre_campaign,0.0,0.0,0.0,0.0,0.0,0.0,0.0,0,0,0,0,,,,,,
2025-11-05,TV_Trailer,pre_campaign,98928.0,322.0,29911.0,0.0,0.0,0.0,0.0,19,12,5,8,0.0033,0.0,0.059,0.6316,0.4167,0.0
2025-11-05,Website,pre_campaign,0.0,0.0,0.0,0.0,0.0,0.0,0.0,0,0,0,0,,,,,,
2025-11-06,TikTok,pre_campaign,421478.0,6501.0,209654.0,1233.49,18411.0,2471.0,1239.0,391,174,51,162,0.0154,0.1897,0.0601,0.445,0.2931,24.1861
2025-11-06,Instagram,pre_campaign,145340.0,2163.0,45306.0,0.0,3194.0,440.0,310.0,143,73,17,43,0.0149,0.0,0.0661,0.5105,0.2329,0.0
2025-11-06,YouTube,pre_campaign,0.0,0.0,0.0,0.0,0.0,0.0,0.0,0,0,0,0,,,,,,
2025-11-06,X,pre_campaign,57547.0,749.0,2894.0,0.0,673.0,86.0,55.0,30,13,1,4,0.013,0.0,0.0401,0.4333,0.0769,0.0
2025-11-06,TV_Trailer,pre_campaign,0.0,0.0,0.0,0.0,0.0,0.0,0.0,0,0,0,0,,,,,,
2025-11-06,Website,pre_campaign,0.0,0.0,0.0,0.0,0.0,0.0,0.0,0,0,0,0,,,,,,
2025-11-07,TikTok,pre_campaign,1107183.0,12361.0,491500.0,1463.61,29272.0,10391.0,4079.0,752,378,97,294,0.0112,0.1184,0.0608,0.5027,0.2566,15.0888
2025-11-07,Instagram,pre_campaign,50061.0,719.0,21889.0,0.0,957.0,175.0,148.0,71,43,16,27,0.0144,0.0,0.0987,0.6056,0.3721,0.0
2025-11-07,YouTube,pre_campaign,0.0,0.0,0.0,0.0,0.0,0.0,0.0,0,0,0,0,,,,,,
2025-11-07,X,pre_campaign,28814.0,247.0,1878.0,0.0,391.0,39.0,22.0,19,9,2,4,0.0086,0.0,0.0769,0.4737,0.2222,0.0
2025-11-07,TV_Trailer,pre_campaign,0.0,0.0,0.0,0.0,0.0,0.0,0.0,0,0,0,0,,,,,,
2025-11-07,Website,pre_campaign,6771.0,231.0,135.0,0.0,0.0,0.0,0.0,42,25,10,16,0.0341,0.0,0.1818,0.5952,0.4,0.0
2025-11-08,TikTok,pre_campaign,2703097.0,36878.0,1351761.0,2769.79,143180.0,24962.0,9930.0,2384,1073,262,829,0.0136,0.0751,0.0646,0.4501,0.2442,10.5717
2025-11-08,Instagram,pre_campaign,237981.0,2562.0,88395.0,593.0,8673.0,649.0,408.0,203,99,23,66,0.0108,0.2315,0.0792,0.4877,0.2323,25.7826
2025-11-08,YouTube,pre_campaign,0.0,0.0,0.0,0.0,0.0,0.0,0.0,0,0,0,0,,,,,,
2025-11-08,X,pre_campaign,75434.0,404.0,4184.0,0.0,994.0,96.0,68.0,18,6,2,2,0.0054,0.0,0.0446,0.3333,0.3333,0.0
2025-11-08,TV_Trailer,pre_campaign,0.0,0.0,0.0,0.0,0.0,0.0,0.0,0,0,0,0,,,,,,
2025-11-08,Website,pre_campaign,0.0,0.0,0.0,0.0,0.0,0.0,0.0,0,0,0,0,,,,,,
2025-11-09,TikTok,pre_campaign,1023456.0,11553.0,539284.0,1365.77,40455.0,9079.0,2568.0,777,353,95,254,0.0113,0.1182,0.0673,0.4543,0.2691,14.3765
2025-11-09,Instagram,pre_campaign,177520.0,2888.0,58709.0,0.0,5953.0,553.0,285.0,217,125,40,63,0.0163,0.0,0.0751,0.576,0.32,0.0
2025-11-09,YouTube,pre_campaign,0.0,0.0,0.0,0.0,0.0,0.0,0.0,0,0,0,0,,,,,,
2025-11-09,X,pre_campaign,38007.0,397.0,2070.0,0.0,681.0,66.0,29.0,19,12,3,5,0.0104,0.0,0.0479,0.6316,0.25,0.0
2025-11-09,TV_Trailer,pre_campaign,0.0,0.0,0.0,0.0,0.0,0.0,0.0,0,0,0,0,,,,,,
2025-11-09,Website,pre_campaign,6748.0,310.0,311.0,0.0,0.0,0.0,0.0,52,32,11,21,0.0459,0.0,0.1677,0.6154,0.3438,0.0
2025-11-10,TikTok,pre_campaign,2290071.0,30174.0,1039561.0,0.0,116380.0,18461.0,6153.0,1923,926,211,642,0.0132,0.0,0.0637,0.4815,0.2279,0.0
2025-11-10,Instagram,pre_campaign,119104.0,1987.0,40990.0,0.0,3133.0,421.0,110.0,174,74,16,52,0.0167,0.0,0.0876,0.4253,0.2162,0.0
2025-11-10,YouTube,pre_campaign,0.0,0.0,0.0,0.0,0.0,0.0,0.0,0,0,0,0,,,,,,
2025-11-10,X,pre_campaign,37635.0,402.0,1650.0,0.0,497.0,71.0,38.0,22,11,1,3,0.0107,0.0,0.0547,0.5,0.0909,0.0
2025-11-10,TV_Trailer,pre_campaign,0.0,0.0,0.0,0.0,0.0,0.0,0.0,0,0,0,0,,,,,,
2025-11-10,Website,pre_campaign,0.0,0.0,0.0,0.0,0.0,0.0,0.0,0,0,0,0,,,,,,
2025-11-11,TikTok,pre_campaign,1315060.0,13319.0,636202.0,1440.43,55031.0,10265.0,4738.0,860,385,90,333,0.0101,0.1081,0.0646,0.4477,0.2338,16.0048
2025-11-11,Instagram,pre_campaign,164682.0,3007.0,57135.0,639.67,7405.0,528.0,335.0,211,107,33,69,0.0183,0.2127,0.0702,0.5071,0.3084,19.3839
2025-11-11,YouTube,pre_campaign,0.0,0.0,0.0,0.0,0.0,0.0,0.0,0,0,0,0,,,,,,
2025-11-11,X,pre_campaign,0.0,0.0,0.0,0.0,0.0,0.0,0.0,0,0,0,0,,,,,,
2025-11-11,TV_Trailer,pre_campaign,0.0,0.0,0.0,0.0,0.0,0.0,0.0,1,1,0,0,,,,1.0,0.0,
2025-11-11,Website,pre_campaign,0.0,0.0,0.0,0.0,0.0,0.0,0.0,0,0,0,0,,,,,,
2025-11-12,TikTok,pre_campaign,3817001.0,47123.0,1753497.0,1826.97,156523.0,40589.0,6494.0,3060,1322,358,1002,0.0123,0.0388,0.0649,0.432,0.2708,5.1033
2025-11-12,Instagram,pre_campaign,208905.0,3338.0,82523.0,0.0,7646.0,528.0,522.0,248,136,34,62,0.016,0.0,0.0743,0.5484,0.25,0.0
2025-11-12,YouTube,pre_campaign,0.0,0.0,0.0,0.0,0.0,0.0,0.0,0,0,0,0,,,,,,
2025-11-12,X,pre_campaign,71822.0,633.0,2611.0,0.0,900.0,119.0,61.0,53,32,7,9,0.0088,0.0,0.0837,0.6038,0.2188,0.0
2025-11-12,TV_Trailer,pre_campaign,0.0,0.0,0.0,0.0,0.0,0.0,0.0,0,0,0,0,,,,,,
2025-11-12,Website,pre_campaign,0.0,0.0,0.0,0.0,0.0,0.0,0.0,0,0,0,0,,,,,,
2025-11-13,TikTok,pre_campaign,2924674.0,32993.0,1452021.0,0.0,171264.0,22247.0,8391.0,2154,936,206,770,0.0113,0.0,0.0653,0.4345,0.2201,0.0
2025-11-13,Instagram,pre_campaign,452620.0,7687.0,127307.0,953.51,14975.0,1995.0,337.0,570,266,94,168,0.017,0.124,0.0742,0.4667,0.3534,10.1437
2025-11-13,YouTube,pre_campaign,161441.0,399.0,91936.0,806.59,4261.0,191.0,170.0,28,16,7,6,0.0025,2.0215,0.0702,0.5714,0.4375,115.2271
2025-11-13,X,pre_campaign,21870.0,140.0,1103.0,0.0,265.0,50.0,12.0,8,4,0,1,0.0064,0.0,0.0571,0.5,0.0,
2025-11-13,TV_Trailer,pre_campaign,0.0,0.0,0.0,0.0,0.0,0.0,0.0,0,0,0,0,,,,,,
2025-11-13,Website,pre_campaign,0.0,0.0,0.0,0.0,0.0,0.0,0.0,0,0,0,0,,,,,,
2025-11-14,TikTok,pre_campaign,2531999.0,33470.0,1174125.0,1755.1,126589.0,26978.0,7341.0,2145,908,243,815,0.0132,0.0524,0.0641,0.4233,0.2676,7.2226
2025-11-14,Instagram,pre_campaign,117040.0,2153.0,44896.0,0.0,2581.0,278.0,171.0,156,67,13,59,0.0184,0.0,0.0725,0.4295,0.194,0.0
2025-11-14,YouTube,pre_campaign,0.0,0.0,0.0,0.0,0.0,0.0,0.0,0,0,0,0,,,,,,
2025-11-14,X,pre_campaign,33143.0,408.0,2051.0,0.0,422.0,105.0,15.0,19,10,1,5,0.0123,0.0,0.0466,0.5263,0.1,0.0
2025-11-14,TV_Trailer,pre_campaign,0.0,0.0,0.0,0.0,0.0,0.0,0.0,0,0,0,0,,,,,,
2025-11-14,Website,pre_campaign,19810.0,1275.0,396.0,0.0,0.0,0.0,0.0,235,138,47,84,0.0644,0.0,0.1843,0.5872,0.3406,0.0
2025-11-15,TikTok,campaign,13658142.0,184935.0,6938795.0,14304.83,555050.0,123462.0,36088.0,13203,6528,1597,4546,0.0135,0.0774,0.0714,0.4944,0.2446,8.9573
2025-11-15,Instagram,campaign,998313.0,19646.0,351413.0,5325.37,30659.0,3511.0,1814.0,1642,887,265,464,0.0197,0.2711,0.0836,0.5402,0.2988,20.0957
2025-11-15,YouTube,campaign,220104.0,2117.0,153445.0,1562.28,5991.0,806.0,85.0,155,78,25,31,0.0096,0.738,0.0732,0.5032,0.3205,62.4912
2025-11-15,X,campaign,389172.0,2991.0,20909.0,1726.19,3898.0,675.0,305.0,157,76,18,37,0.0077,0.5771,0.0525,0.4841,0.2368,95.8994
2025-11-15,TV_Trailer,campaign,0.0,0.0,0.0,0.0,0.0,0.0,0.0,0,0,0,0,,,,,,
2025-11-15,Website,campaign,16763.0,928.0,996.0,0.0,0.0,0.0,0.0,188,119,39,69,0.0554,0.0,0.2026,0.633,0.3277,0.0
2025-11-16,TikTok,campaign,25022846.0,346082.0,11880521.0,13505.029999999999,1845930.0,398387.0,119552.0,24918,11179,2747,7899,0.0138,0.039,0.072,0.4486,0.2457,4.9163
2025-11-16,Instagram,campaign,143766.0,1054.0,40592.0,0.0,10999.0,854.0,446.0,90,48,19,34,0.0073,0.0,0.0854,0.5333,0.3958,0.0
2025-11-16,YouTube,campaign,0.0,0.0,0.0,0.0,0.0,0.0,0.0,0,0,0,0,,,,,,
2025-11-16,X,campaign,505955.0,2923.0,17944.0,2007.02,12940.0,1671.0,917.0,164,64,12,36,0.0058,0.6866,0.0561,0.3902,0.1875,167.2517
2025-11-16,TV_Trailer,campaign,0.0,0.0,0.0,0.0,0.0,0.0,0.0,0,0,0,0,,,,,,
2025-11-16,Website,campaign,37925.0,1277.0,2018.0,0.0,0.0,0.0,0.0,278,167,69,109,0.0337,0.0,0.2177,0.6007,0.4132,0.0
2025-11-17,TikTok,campaign,15192152.0,199328.0,7291646.0,7452.84,1279692.0,201556.0,85561.0,14341,7154,2045,4323,0.0131,0.0374,0.0719,0.4988,0.2859,3.6444
2025-11-17,Instagram,campaign,1556036.0,21571.0,596567.0,4392.18,82028.0,7840.0,3778.0,1922,938,302,579,0.0139,0.2036,0.0891,0.488,0.322,14.5436
2025-11-17,YouTube,campaign,305011.0,1995.0,201593.0,0.0,11679.0,1104.0,298.0,141,71,29,35,0.0065,0.0,0.0707,0.5035,0.4085,0.0
2025-11-17,X,campaign,276351.0,2402.0,19290.0,1059.3,4374.0,462.0,303.0,140,64,21,21,0.0087,0.441,0.0583,0.4571,0.3281,50.4429
2025-11-17,TV_Trailer,campaign,0.0,0.0,0.0,0.0,0.0,0.0,0.0,0,0,0,0,,,,,,
2025-11-17,Website,campaign,67472.0,3878.0,3062.0,0.0,0.0,0.0,0.0,785,512,182,347,0.0575,0.0,0.2024,0.6522,0.3555,0.0
2025-11-18,TikTok,campaign,15663896.0,199038.0,7239205.0,6317.5599999999995,1131033.0,189524.0,76201.0,14300,6409,1445,4879,0.0127,0.0317,0.0718,0.4482,0.2255,4.372
2025-11-18,Instagram,campaign,1200756.0,14041.0,502925.0,4371.93,57457.0,8264.0,3207.0,1302,761,231,454,0.0117,0.3114,0.0927,0.5845,0.3035,18.9261
2025-11-18,YouTube,campaign,831231.0,6637.0,534944.0,1696.67,21702.0,2740.0,1552.0,466,239,79,118,0.008,0.2556,0.0702,0.5129,0.3305,21.4768
2025-11-18,X,campaign,411184.0,2749.0,20807.0,1008.44,8023.0,1331.0,684.0,137,56,12,23,0.0067,0.3668,0.0498,0.4088,0.2143,84.0367
2025-11-18,TV_Trailer,campaign,0.0,0.0,0.0,0.0,0.0,0.0,0.0,0,0,0,0,,,,,,
2025-11-18,Website,campaign,55832.0,2673.0,2019.0,0.0,0.0,0.0,0.0,537,343,113,228,0.0479,0.0,0.2009,0.6387,0.3294,0.0
2025-11-19,TikTok,campaign,15967602.0,170613.0,7745416.0,14162.710000000001,1200892.0,235177.0,68776.0,12285,5307,1486,3964,0.0107,0.083,0.072,0.432,0.28,9.5308
2025-11-19,Instagram,campaign,1205777.0,17324.0,463715.0,2246.16,68704.0,5269.0,3695.0,1558,784,240,413,0.0144,0.1297,0.0899,0.5032,0.3061,9.359
2025-11-19,YouTube,campaign,866617.0,8105.0,597985.0,0.0,27390.0,4062.0,1546.0,610,298,106,157,0.0094,0.0,0.0753,0.4885,0.3557,0.0
2025-11-19,X,campaign,460308.0,3840.0,18138.0,2622.41,6256.0,1241.0,594.0,234,93,24,54,0.0083,0.6829,0.0609,0.3974,0.2581,109.2671
2025-11-19,TV_Trailer,campaign,0.0,0.0,0.0,0.0,0.0,0.0,0.0,0,0,0,0,,,,,,
2025-11-19,Website,campaign,44972.0,2212.0,1735.0,0.0,0.0,0.0,0.0,444,283,92,172,0.0492,0.0,0.2007,0.6374,0.3251,0.0
2025-11-20,TikTok,campaign,14814665.0,160404.0,6774994.0,10855.439999999999,1164088.0,262723.0,73858.0,11652,5832,1694,3740,0.0108,0.0677,0.0726,0.5005,0.2905,6.4082
2025-11-20,Instagram,campaign,1005501.0,13529.0,401771.0,3747.0299999999997,48151.0,7245.0,2311.0,1174,623,206,405,0.0135,0.277,0.0868,0.5307,0.3307,18.1895
2025-11-20,YouTube,campaign,424808.0,5968.0,298087.0,1401.8,8163.0,540.0,559.0,383,192,71,99,0.014,0.2349,0.0642,0.5013,0.3698,19.7437
2025-11-20,X,campaign,809545.0,6777.0,46355.0,969.97,14678.0,3449.0,1081.0,388,159,43,93,0.0084,0.1431,0.0573,0.4098,0.2704,22.5574
2025-11-20,TV_Trailer,campaign,0.0,0.0,0.0,0.0,0.0,0.0,0.0,0,0,0,0,,,,,,
2025-11-20,Website,campaign,0.0,0.0,0.0,0.0,0.0,0.0,0.0,0,0,0,0,,,,,,
2025-11-21,TikTok,campaign,13814781.0,168765.0,6884276.0,9797.779999999999,959508.0,161453.0,68155.0,12127,5166,1477,5050,0.0122,0.0581,0.0719,0.426,0.2859,6.6336
2025-11-21,Instagram,campaign,842972.0,12986.0,280730.0,1501.53,33015.0,3526.0,1579.0,1046,544,170,313,0.0154,0.1156,0.0805,0.5201,0.3125,8.8325
2025-11-21,YouTube,campaign,415947.0,4995.0,281673.0,0.0,6695.0,1142.0,501.0,325,152,45,96,0.012,0.0,0.0651,0.4677,0.2961,0.0
2025-11-21,X,campaign,620428.0,4071.0,35326.0,2468.1,12625.0,1595.0,908.0,229,109,29,44,0.0066,0.6063,0.0563,0.476,0.2661,85.1069
2025-11-21,TV_Trailer,campaign,0.0,0.0,0.0,0.0,0.0,0.0,0.0,0,0,0,0,,,,,,
2025-11-21,Website,campaign,0.0,0.0,0.0,0.0,0.0,0.0,0.0,0,0,0,0,,,,,,
2025-11-22,TikTok,campaign,11182895.0,136736.0,5381685.0,11823.46,816391.0,136068.0,57639.0,9910,4261,1046,3313,0.0122,0.0865,0.0725,0.43,0.2455,11.3035
2025-11-22,Instagram,campaign,826772.0,12753.0,311614.0,2206.33,42744.0,6237.0,2461.0,1152,582,166,431,0.0154,0.173,0.0903,0.5052,0.2852,13.2911
2025-11-22,YouTube,campaign,0.0,0.0,0.0,0.0,0.0,0.0,0.0,0,0,0,0,,,,,,
2025-11-22,X,campaign,382670.0,3725.0,17980.0,2028.2199999999998,9579.0,1212.0,522.0,236,109,24,49,0.0097,0.5445,0.0634,0.4619,0.2202,84.5092
2025-11-22,TV_Trailer,campaign,876957.0,5328.0,261751.0,5949.83,0.0,0.0,0.0,186,111,41,32,0.0061,1.1167,0.0349,0.5968,0.3694,145.1178
2025-11-22,Website,campaign,34107.0,2965.0,1669.0,0.0,0.0,0.0,0.0,609,400,161,294,0.0869,0.0,0.2054,0.6568,0.4025,0.0
2025-11-23,TikTok,campaign,5277479.0,70725.0,2643422.0,1823.97,349115.0,62284.0,18909.0,5048,2321,545,1537,0.0134,0.0258,0.0714,0.4598,0.2348,3.3467
2025-11-23,Instagram,campaign,739651.0,11626.0,242173.0,2904.7,25247.0,2768.0,1390.0,1019,595,160,323,0.0157,0.2498,0.0876,0.5839,0.2689,18.1544
2025-11-23,YouTube,campaign,0.0,0.0,0.0,0.0,0.0,0.0,0.0,0,0,0,0,,,,,,
2025-11-23,X,campaign,136539.0,932.0,9198.0,0.0,2356.0,403.0,153.0,64,23,4,8,0.0068,0.0,0.0687,0.3594,0.1739,0.0
2025-11-23,TV_Trailer,campaign,0.0,0.0,0.0,0.0,0.0,0.0,0.0,0,0,0,0,,,,,,
2025-11-23,Website,campaign,28580.0,1796.0,1085.0,0.0,0.0,0.0,0.0,395,235,84,159,0.0628,0.0,0.2199,0.5949,0.3574,0.0
2025-11-24,TikTok,campaign,3826997.0,59683.0,1906554.0,4059.32,230519.0,36929.0,16156.0,4251,2097,602,1426,0.0156,0.068,0.0712,0.4933,0.2871,6.7431
2025-11-24,Instagram,campaign,814126.0,10874.0,329675.0,2541.02,25851.0,3044.0,1254.0,942,543,161,329,0.0134,0.2337,0.0866,0.5764,0.2965,15.7827
2025-11-24,YouTube,campaign,611939.0,6406.0,426320.0,0.0,15276.0,1800.0,1293.0,446,214,77,141,0.0105,0.0,0.0696,0.4798,0.3598,0.0
2025-11-24,X,campaign,490919.0,4144.0,32051.0,1074.14,9374.0,1677.0,696.0,229,109,24,42,0.0084,0.2592,0.0553,0.476,0.2202,44.7558
2025-11-24,TV_Trailer,campaign,0.0,0.0,0.0,0.0,0.0,0.0,0.0,0,0,0,0,,,,,,
2025-11-24,Website,campaign,45386.0,1994.0,2269.0,0.0,0.0,0.0,0.0,361,209,65,151,0.0439,0.0,0.181,0.5789,0.311,0.0
2025-11-25,TikTok,campaign,3051687.0,39098.0,1383881.0,1488.4,191527.0,30658.0,11264.0,2833,1361,387,910,0.0128,0.0381,0.0725,0.4804,0.2843,3.846
2025-11-25,Instagram,campaign,633996.0,8302.0,196711.0,3029.5299999999997,28491.0,2658.0,2041.0,727,387,111,214,0.0131,0.3649,0.0876,0.5323,0.2868,27.2931
2025-11-25,YouTube,campaign,0.0,0.0,0.0,0.0,0.0,0.0,0.0,0,0,0,0,,,,,,
2025-11-25,X,campaign,38680.0,213.0,3149.0,0.0,460.0,50.0,19.0,9,4,2,3,0.0055,0.0,0.0423,0.4444,0.5,0.0
2025-11-25,TV_Trailer,campaign,697630.0,2747.0,207853.0,4175.22,0.0,0.0,0.0,112,67,22,36,0.0039,1.5199,0.0408,0.5982,0.3284,189.7827
2025-11-25,Website,campaign,9706.0,752.0,959.0,0.0,0.0,0.0,0.0,153,95,31,65,0.0775,0.0,0.2035,0.6209,0.3263,0.0
2025-11-26,TikTok,campaign,1566672.0,18223.0,819272.0,1882.54,132865.0,21075.0,9106.0,1357,681,232,450,0.0116,0.1033,0.0745,0.5018,0.3407,8.1144
2025-11-26,Instagram,campaign,711121.0,10003.0,289250.0,1897.53,27744.0,2854.0,1519.0,899,488,147,350,0.0141,0.1897,0.0899,0.5428,0.3012,12.9084
2025-11-26,YouTube,campaign,830771.0,9938.0,542403.0,3936.82,23716.0,4436.0,1823.0,687,334,99,199,0.012,0.3961,0.0691,0.4862,0.2964,39.7659
2025-11-26,X,campaign,185262.0,2358.0,11675.0,990.74,2922.0,636.0,291.0,138,63,13,26,0.0127,0.4202,0.0585,0.4565,0.2063,76.2108
2025-11-26,TV_Trailer,campaign,456103.0,1463.0,132324.0,0.0,0.0,0.0,0.0,56,36,12,19,0.0032,0.0,0.0383,0.6429,0.3333,0.0
2025-11-26,Website,campaign,24840.0,1304.0,496.0,0.0,0.0,0.0,0.0,265,163,56,107,0.0525,0.0,0.2032,0.6151,0.3436,0.0
2025-11-27,TikTok,campaign,1059190.0,14527.0,484191.0,1516.37,70974.0,13929.0,3314.0,999,471,126,295,0.0137,0.1044,0.0688,0.4715,0.2675,12.0347
2025-11-27,Instagram,campaign,1053290.0,19434.0,373298.0,4613.87,37112.0,5894.0,2137.0,1730,929,266,465,0.0185,0.2374,0.089,0.537,0.2863,17.3454
2025-11-27,YouTube,campaign,193246.0,1282.0,116615.0,0.0,3513.0,433.0,248.0,89,35,8,26,0.0066,0.0,0.0694,0.3933,0.2286,0.0
2025-11-27,X,campaign,766470.0,6088.0,33282.0,4047.8,13142.0,1619.0,599.0,301,133,37,60,0.0079,0.6649,0.0494,0.4419,0.2782,109.4
2025-11-27,TV_Trailer,campaign,1679038.0,7715.0,506323.0,8025.4,0.0,0.0,0.0,285,155,58,58,0.0046,1.0402,0.0369,0.5439,0.3742,138.369
2025-11-27,Website,campaign,0.0,0.0,0.0,0.0,0.0,0.0,0.0,0,0,0,0,,,,,,
2025-11-28,TikTok,campaign,2165905.0,29050.0,1122522.0,6690.51,149628.0,19112.0,9302.0,2134,1048,291,821,0.0134,0.2303,0.0735,0.4911,0.2777,22.9914
2025-11-28,Instagram,campaign,754340.0,17230.0,255039.0,2862.0299999999997,25729.0,2537.0,1237.0,1481,808,230,470,0.0228,0.1661,0.086,0.5456,0.2847,12.4436
2025-11-28,YouTube,campaign,0.0,0.0,0.0,0.0,0.0,0.0,0.0,0,0,0,0,,,,,,
2025-11-28,X,campaign,543250.0,3574.0,27135.0,1332.41,10255.0,1947.0,522.0,198,88,27,55,0.0066,0.3728,0.0554,0.4444,0.3068,49.3485
2025-11-28,TV_Trailer,campaign,0.0,0.0,0.0,0.0,0.0,0.0,0.0,0,0,0,0,,,,,,
2025-11-28,Website,campaign,0.0,0.0,0.0,0.0,0.0,0.0,0.0,1,1,0,0,,,,1.0,0.0,
2025-11-29,TikTok,campaign,3344646.0,33584.0,1674004.0,7486.7,173879.0,31861.0,16165.0,2468,967,257,845,0.01,0.2229,0.0735,0.3918,0.2658,29.1311
2025-11-29,Instagram,campaign,125572.0,1967.0,40177.0,0.0,3620.0,507.0,256.0,172,93,28,60,0.0157,0.0,0.0874,0.5407,0.3011,0.0
2025-11-29,YouTube,campaign,0.0,0.0,0.0,0.0,0.0,0.0,0.0,0,0,0,0,,,,,,
2025-11-29,X,campaign,61424.0,690.0,4111.0,0.0,942.0,160.0,41.0,42,17,6,8,0.0112,0.0,0.0609,0.4048,0.3529,0.0
2025-11-29,TV_Trailer,campaign,613135.0,1473.0,156724.0,0.0,0.0,0.0,0.0,55,28,6,20,0.0024,0.0,0.0373,0.5091,0.2143,0.0
2025-11-29,Website,campaign,0.0,0.0,0.0,0.0,0.0,0.0,0.0,0,0,0,0,,,,,,
2025-11-30,TikTok,campaign,1717572.0,24159.0,831698.0,1542.17,92343.0,12104.0,5972.0,1718,833,204,585,0.0141,0.0638,0.0711,0.4849,0.2449,7.5597
2025-11-30,Instagram,campaign,664638.0,13947.0,229555.0,3839.38,19811.0,2006.0,1746.0,1149,594,197,306,0.021,0.2753,0.0824,0.517,0.3316,19.4892
2025-11-30,YouTube,campaign,230949.0,1872.0,150151.0,0.0,5781.0,845.0,511.0,140,72,24,44,0.0081,0.0,0.0748,0.5143,0.3333,0.0
2025-11-30,X,campaign,20680.0,79.0,1410.0,0.0,270.0,41.0,0.0,8,4,2,2,0.0038,0.0,0.1013,0.5,0.5,0.0
2025-11-30,TV_Trailer,campaign,525972.0,1360.0,117408.0,0.0,0.0,0.0,0.0,46,27,10,9,0.0026,0.0,0.0338,0.587,0.3704,0.0
2025-11-30,Website,campaign,0.0,0.0,0.0,0.0,0.0,0.0,0.0,0,0,0,0,,,,,,
2025-12-01,TikTok,campaign,1473048.0,23549.0,751983.0,2046.66,68817.0,16597.0,7649.0,1599,725,173,516,0.016,0.0869,0.0679,0.4534,0.2386,11.8304
2025-12-01,Instagram,campaign,119029.0,2203.0,18739.0,0.0,2684.0,463.0,235.0,165,94,28,48,0.0185,0.0,0.0749,0.5697,0.2979,0.0
2025-12-01,YouTube,campaign,0.0,0.0,0.0,0.0,0.0,0.0,0.0,0,0,0,0,,,,,,
2025-12-01,X,campaign,133345.0,1413.0,8767.0,586.53,2014.0,363.0,40.0,67,27,11,19,0.0106,0.4151,0.0474,0.403,0.4074,53.3209
2025-12-01,TV_Trailer,campaign,0.0,0.0,0.0,0.0,0.0,0.0,0.0,0,0,0,0,,,,,,
2025-12-01,Website,campaign,0.0,0.0,0.0,0.0,0.0,0.0,0.0,0,0,0,0,,,,,,
2025-12-02,TikTok,campaign,1161691.0,15662.0,588456.0,1602.4,72199.0,14643.0,3589.0,1134,540,151,377,0.0135,0.1023,0.0724,0.4762,0.2796,10.6119
2025-12-02,Instagram,campaign,565990.0,9726.0,193162.0,0.0,29315.0,2765.0,1715.0,892,448,123,258,0.0172,0.0,0.0917,0.5022,0.2746,0.0
2025-12-02,YouTube,campaign,0.0,0.0,0.0,0.0,0.0,0.0,0.0,0,0,0,0,,,,,,
2025-12-02,X,campaign,228222.0,2246.0,13401.0,1549.98,3261.0,621.0,114.0,116,50,19,23,0.0098,0.6901,0.0516,0.431,0.38,81.5779
2025-12-02,TV_Trailer,campaign,0.0,0.0,0.0,0.0,0.0,0.0,0.0,0,0,0,0,,,,,,
2025-12-02,Website,campaign,44068.0,4281.0,1605.0,0.0,0.0,0.0,0.0,841,464,166,341,0.0971,0.0,0.1964,0.5517,0.3578,0.0
2025-12-03,TikTok,campaign,2012043.0,26566.0,940569.0,4974.110000000001,132617.0,25115.0,7119.0,1959,970,269,672,0.0132,0.1872,0.0737,0.4952,0.2773,18.4911
2025-12-03,Instagram,campaign,404309.0,4481.0,139851.0,2279.45,12930.0,3145.0,1161.0,401,192,57,97,0.0111,0.5087,0.0895,0.4788,0.2969,39.9904
2025-12-03,YouTube,campaign,163219.0,725.0,100941.0,0.0,4200.0,175.0,358.0,42,28,6,12,0.0044,0.0,0.0579,0.6667,0.2143,0.0
2025-12-03,X,campaign,49199.0,663.0,2570.0,0.0,730.0,57.0,79.0,49,24,3,12,0.0135,0.0,0.0739,0.4898,0.125,0.0
2025-12-03,TV_Trailer,campaign,454866.0,1624.0,168778.0,0.0,0.0,0.0,0.0,65,39,10,11,0.0036,0.0,0.04,0.6,0.2564,0.0
2025-12-03,Website,campaign,115885.0,6832.0,5225.0,0.0,0.0,0.0,0.0,1401,878,334,556,0.059,0.0,0.2051,0.6267,0.3804,0.0
2025-12-04,TikTok,campaign,1585288.0,17328.0,805248.0,5799.78,68602.0,14317.0,3998.0,1224,551,191,378,0.0109,0.3347,0.0706,0.4502,0.3466,30.3653
2025-12-04,Instagram,campaign,237727.0,4096.0,84015.0,1685.26,5899.0,289.0,598.0,336,180,49,103,0.0172,0.4114,0.082,0.5357,0.2722,34.3931
2025-12-04,YouTube,campaign,0.0,0.0,0.0,0.0,0.0,0.0,0.0,0,0,0,0,,,,,,
2025-12-04,X,campaign,134482.0,1524.0,6370.0,761.47,3032.0,369.0,136.0,77,25,8,12,0.0113,0.4997,0.0505,0.3247,0.32,95.1838
2025-12-04,TV_Trailer,campaign,1551976.0,3929.0,399117.0,8864.14,0.0,0.0,0.0,170,99,38,38,0.0025,2.2561,0.0433,0.5824,0.3838,233.2668
2025-12-04,Website,campaign,56911.0,1669.0,1308.0,0.0,0.0,0.0,0.0,336,200,67,133,0.0293,0.0,0.2013,0.5952,0.335,0.0
2025-12-05,TikTok,campaign,1979526.0,28430.0,1022591.0,5209.77,103364.0,19635.0,7579.0,1994,913,238,755,0.0144,0.1832,0.0701,0.4579,0.2607,21.8898
2025-12-05,Instagram,campaign,661784.0,12845.0,247029.0,2802.09,26570.0,2409.0,942.0,1120,513,152,396,0.0194,0.2181,0.0872,0.458,0.2963,18.4348
2025-12-05,YouTube,campaign,0.0,0.0,0.0,0.0,0.0,0.0,0.0,0,0,0,0,,,,,,
2025-12-05,X,campaign,0.0,0.0,0.0,0.0,0.0,0.0,0.0,0,0,0,0,,,,,,
2025-12-05,TV_Trailer,campaign,0.0,0.0,0.0,0.0,0.0,0.0,0.0,0,0,0,0,,,,,,
2025-12-05,Website,campaign,25688.0,2022.0,1945.0,0.0,0.0,0.0,0.0,389,238,85,143,0.0787,0.0,0.1924,0.6118,0.3571,0.0
2025-12-06,TikTok,campaign,984132.0,11839.0,472497.0,1895.69,61802.0,15565.0,3512.0,860,368,94,323,0.012,0.1601,0.0726,0.4279,0.2554,20.1669
2025-12-06,Instagram,campaign,524217.0,9151.0,199613.0,1559.99,21606.0,2255.0,825.0,836,425,150,244,0.0175,0.1705,0.0914,0.5084,0.3529,10.3999
2025-12-06,YouTube,campaign,0.0,0.0,0.0,0.0,0.0,0.0,0.0,0,0,0,0,,,,,,
2025-12-06,X,campaign,89211.0,867.0,5230.0,0.0,1830.0,312.0,199.0,45,22,5,11,0.0097,0.0,0.0519,0.4889,0.2273,0.0
2025-12-06,TV_Trailer,campaign,0.0,0.0,0.0,0.0,0.0,0.0,0.0,0,0,0,0,,,,,,
2025-12-06,Website,campaign,73038.0,3032.0,2135.0,0.0,0.0,0.0,0.0,635,401,150,261,0.0415,0.0,0.2094,0.6315,0.3741,0.0
2025-12-07,TikTok,campaign,1233289.0,14187.0,595900.0,0.0,39817.0,7777.0,4702.0,1028,460,131,324,0.0115,0.0,0.0725,0.4475,0.2848,0.0
2025-12-07,Instagram,campaign,302714.0,8297.0,94962.0,1676.19,10198.0,690.0,594.0,714,379,125,192,0.0274,0.202,0.0861,0.5308,0.3298,13.4095
2025-12-07,YouTube,campaign,0.0,0.0,0.0,0.0,0.0,0.0,0.0,0,0,0,0,,,,,,
2025-12-07,X,campaign,82884.0,1679.0,3024.0,0.0,846.0,164.0,123.0,105,62,14,33,0.0203,0.0,0.0625,0.5905,0.2258,0.0
2025-12-07,TV_Trailer,campaign,735449.0,3663.0,288316.0,3607.45,0.0,0.0,0.0,140,78,22,38,0.005,0.9848,0.0382,0.5571,0.2821,163.975
2025-12-07,Website,campaign,0.0,0.0,0.0,0.0,0.0,0.0,0.0,0,0,0,0,,,,,,
2025-12-08,TikTok,campaign,0.0,0.0,0.0,0.0,0.0,0.0,0.0,0,0,0,0,,,,,,
2025-12-08,Instagram,campaign,1220826.0,19718.0,449342.0,2637.74,41519.0,5401.0,2217.0,1783,981,302,556,0.0162,0.1338,0.0904,0.5502,0.3078,8.7342
2025-12-08,YouTube,campaign,72229.0,779.0,44816.0,2143.73,1841.0,153.0,151.0,54,31,7,16,0.0108,2.7519,0.0693,0.5741,0.2258,306.2471
2025-12-08,X,campaign,285064.0,2179.0,13876.0,807.73,2173.0,574.0,283.0,119,56,16,26,0.0076,0.3707,0.0546,0.4706,0.2857,50.4831
2025-12-08,TV_Trailer,campaign,223315.0,1793.0,47063.0,0.0,0.0,0.0,0.0,60,34,16,16,0.008,0.0,0.0335,0.5667,0.4706,0.0
2025-12-08,Website,campaign,0.0,0.0,0.0,0.0,0.0,0.0,0.0,0,0,0,0,,,,,,
2025-12-09,TikTok,campaign,1808565.0,22060.0,795289.0,3905.1400000000003,89068.0,12525.0,6709.0,1558,730,205,502,0.0122,0.177,0.0706,0.4685,0.2808,19.0495
2025-12-09,Instagram,campaign,113511.0,1297.0,27715.0,0.0,3977.0,633.0,266.0,124,67,20,32,0.0114,0.0,0.0956,0.5403,0.2985,0.0
2025-12-09,YouTube,campaign,0.0,0.0,0.0,0.0,0.0,0.0,0.0,1,1,0,0,,,,1.0,0.0,
2025-12-09,X,campaign,0.0,0.0,0.0,0.0,0.0,0.0,0.0,0,0,0,0,,,,,,
2025-12-09,TV_Trailer,campaign,0.0,0.0,0.0,0.0,0.0,0.0,0.0,0,0,0,0,,,,,,
2025-12-09,Website,campaign,0.0,0.0,0.0,0.0,0.0,0.0,0.0,0,0,0,0,,,,,,
2025-12-10,TikTok,campaign,1241401.0,29217.0,664973.0,4385.24,55606.0,7729.0,3813.0,2032,927,255,646,0.0235,0.1501,0.0695,0.4562,0.2751,17.197
2025-12-10,Instagram,campaign,893178.0,16946.0,342909.0,0.0,28466.0,2124.0,1528.0,1552,783,202,451,0.019,0.0,0.0916,0.5045,0.258,0.0
2025-12-10,YouTube,campaign,230338.0,2523.0,155522.0,1538.71,6254.0,421.0,381.0,181,93,39,38,0.011,0.6099,0.0717,0.5138,0.4194,39.4541
2025-12-10,X,campaign,62257.0,415.0,1352.0,0.0,782.0,131.0,45.0,24,9,0,1,0.0067,0.0,0.0578,0.375,0.0,
2025-12-10,TV_Trailer,campaign,0.0,0.0,0.0,0.0,0.0,0.0,0.0,0,0,0,0,,,,,,
2025-12-10,Website,campaign,0.0,0.0,0.0,0.0,0.0,0.0,0.0,0,0,0,0,,,,,,
2025-12-11,TikTok,campaign,936475.0,19612.0,495542.0,1937.0,30520.0,8021.0,3206.0,1372,660,189,464,0.0209,0.0988,0.07,0.481,0.2864,10.2487
2025-12-11,Instagram,campaign,485714.0,9579.0,162682.0,1200.35,18574.0,927.0,940.0,790,400,100,273,0.0197,0.1253,0.0825,0.5063,0.25,12.0035
2025-12-11,YouTube,campaign,0.0,0.0,0.0,0.0,0.0,0.0,0.0,0,0,0,0,,,,,,
2025-12-11,X,campaign,98731.0,1200.0,7347.0,0.0,1370.0,184.0,18.0,91,46,9,23,0.0122,0.0,0.0758,0.5055,0.1957,0.0
2025-12-11,TV_Trailer,campaign,0.0,0.0,0.0,0.0,0.0,0.0,0.0,0,0,0,0,,,,,,
2025-12-11,Website,campaign,0.0,0.0,0.0,0.0,0.0,0.0,0.0,0,0,0,0,,,,,,
2025-12-12,TikTok,campaign,1016023.0,22315.0,469836.0,4722.24,30663.0,10796.0,434.0,1504,734,179,555,0.022,0.2116,0.0674,0.488,0.2439,26.3812
2025-12-12,Instagram,campaign,99170.0,1685.0,29233.0,0.0,5131.0,493.0,127.0,168,85,32,62,0.017,0.0,0.0997,0.506,0.3765,0.0
2025-12-12,YouTube,campaign,0.0,0.0,0.0,0.0,0.0,0.0,0.0,0,0,0,0,,,,,,
2025-12-12,X,campaign,41684.0,578.0,2032.0,0.0,475.0,93.0,36.0,26,12,3,6,0.0139,0.0,0.045,0.4615,0.25,0.0
2025-12-12,TV_Trailer,campaign,0.0,0.0,0.0,0.0,0.0,0.0,0.0,0,0,0,0,,,,,,
2025-12-12,Website,campaign,34664.0,921.0,2196.0,0.0,0.0,0.0,0.0,183,120,47,77,0.0266,0.0,0.1987,0.6557,0.3917,0.0
2025-12-13,TikTok,campaign,483868.0,19916.0,243140.0,2972.89,26791.0,3272.0,1104.0,1406,704,170,557,0.0412,0.1493,0.0706,0.5007,0.2415,17.4876
2025-12-13,Instagram,campaign,0.0,0.0,0.0,0.0,0.0,0.0,0.0,0,0,0,0,,,,,,
2025-12-13,YouTube,campaign,277382.0,4701.0,164072.0,3841.2799999999997,5780.0,862.0,394.0,302,163,53,83,0.0169,0.8171,0.0642,0.5397,0.3252,72.477
2025-12-13,X,campaign,100951.0,2090.0,2687.0,1007.84,786.0,345.0,69.0,116,34,4,22,0.0207,0.4822,0.0555,0.2931,0.1176,251.96
2025-12-13,TV_Trailer,campaign,243492.0,1430.0,75076.0,0.0,0.0,0.0,0.0,45,31,13,10,0.0059,0.0,0.0315,0.6889,0.4194,0.0
2025-12-13,Website,campaign,59142.0,6226.0,2217.0,0.0,0.0,0.0,0.0,1221,754,259,449,0.1053,0.0,0.1961,0.6175,0.3435,0.0
2025-12-14,TikTok,campaign,565304.0,13297.0,226628.0,0.0,21619.0,5541.0,447.0,885,443,90,346,0.0235,0.0,0.0666,0.5006,0.2032,0.0
2025-12-14,Instagram,campaign,299007.0,5097.0,106960.0,1686.04,10448.0,290.0,508.0,477,232,71,142,0.017,0.3308,0.0936,0.4864,0.306,23.747
2025-12-14,YouTube,campaign,377945.0,4935.0,240096.0,1701.75,8249.0,1379.0,380.0,341,157,58,121,0.0131,0.3448,0.0691,0.4604,0.3694,29.3405
2025-12-14,X,campaign,197855.0,2510.0,10831.0,0.0,1806.0,361.0,205.0,161,74,24,37,0.0127,0.0,0.0641,0.4596,0.3243,0.0
2025-12-14,TV_Trailer,campaign,344903.0,1664.0,113084.0,0.0,0.0,0.0,0.0,61,34,11,16,0.0048,0.0,0.0367,0.5574,0.3235,0.0
2025-12-14,Website,campaign,53021.0,3860.0,4622.0,0.0,0.0,0.0,0.0,778,495,164,306,0.0728,0.0,0.2016,0.6362,0.3313,0.0
2025-12-15,TikTok,campaign,994512.0,16654.0,419415.0,0.0,50461.0,9339.0,3363.0,1172,619,180,422,0.0167,0.0,0.0704,0.5282,0.2908,0.0
2025-12-15,Instagram,campaign,0.0,0.0,0.0,0.0,0.0,0.0,0.0,0,0,0,0,,,,,,
2025-12-15,YouTube,campaign,74000.0,1176.0,45985.0,0.0,1472.0,98.0,137.0,76,39,15,23,0.0159,0.0,0.0646,0.5132,0.3846,0.0
2025-12-15,X,campaign,107109.0,1120.0,4416.0,0.0,1268.0,178.0,71.0,60,30,3,13,0.0105,0.0,0.0536,0.5,0.1,0.0
2025-12-15,TV_Trailer,campaign,0.0,0.0,0.0,0.0,0.0,0.0,0.0,0,0,0,0,,,,,,
2025-12-15,Website,campaign,25831.0,2480.0,1681.0,0.0,0.0,0.0,0.0,539,339,127,201,0.096,0.0,0.2173,0.6289,0.3746,0.0
2025-12-16,TikTok,post_campaign,857104.0,22956.0,395078.0,1018.77,47479.0,8067.0,3388.0,1338,607,124,473,0.0268,0.0444,0.0583,0.4537,0.2043,8.2159
2025-12-16,Instagram,post_campaign,0.0,0.0,0.0,0.0,0.0,0.0,0.0,0,0,0,0,,,,,,
2025-12-16,YouTube,post_campaign,0.0,0.0,0.0,0.0,0.0,0.0,0.0,0,0,0,0,,,,,,
2025-12-16,X,post_campaign,77581.0,764.0,4309.0,675.28,868.0,265.0,57.0,40,23,7,7,0.0098,0.8839,0.0524,0.575,0.3043,96.4686
2025-12-16,TV_Trailer,post_campaign,0.0,0.0,0.0,0.0,0.0,0.0,0.0,0,0,0,0,,,,,,
2025-12-16,Website,post_campaign,0.0,0.0,0.0,0.0,0.0,0.0,0.0,0,0,0,0,,,,,,
2025-12-17,TikTok,post_campaign,347022.0,6770.0,167603.0,1069.5,13599.0,2531.0,1097.0,402,223,58,125,0.0195,0.158,0.0594,0.5547,0.2601,18.4397
2025-12-17,Instagram,post_campaign,0.0,0.0,0.0,0.0,0.0,0.0,0.0,0,0,0,0,,,,,,
2025-12-17,YouTube,post_campaign,0.0,0.0,0.0,0.0,0.0,0.0,0.0,0,0,0,0,,,,,,
2025-12-17,X,post_campaign,60934.0,659.0,4165.0,0.0,498.0,24.0,71.0,36,11,2,7,0.0108,0.0,0.0546,0.3056,0.1818,0.0
2025-12-17,TV_Trailer,post_campaign,0.0,0.0,0.0,0.0,0.0,0.0,0.0,0,0,0,0,,,,,,
2025-12-17,Website,post_campaign,0.0,0.0,0.0,0.0,0.0,0.0,0.0,0,0,0,0,,,,,,
2025-12-18,TikTok,post_campaign,164288.0,2265.0,74735.0,1603.86,4159.0,1452.0,114.0,124,57,17,45,0.0138,0.7081,0.0547,0.4597,0.2982,94.3447
2025-12-18,Instagram,post_campaign,0.0,0.0,0.0,0.0,0.0,0.0,0.0,0,0,0,0,,,,,,
2025-12-18,YouTube,post_campaign,0.0,0.0,0.0,0.0,0.0,0.0,0.0,0,0,0,0,,,,,,
2025-12-18,X,post_campaign,0.0,0.0,0.0,0.0,0.0,0.0,0.0,0,0,0,0,,,,,,
2025-12-18,TV_Trailer,post_campaign,0.0,0.0,0.0,0.0,0.0,0.0,0.0,0,0,0,0,,,,,,
2025-12-18,Website,post_campaign,21901.0,1371.0,1337.0,0.0,0.0,0.0,0.0,229,139,56,89,0.0626,0.0,0.167,0.607,0.4029,0.0
2025-12-19,TikTok,post_campaign,99909.0,2001.0,60790.0,0.0,3361.0,949.0,204.0,125,49,14,42,0.02,0.0,0.0625,0.392,0.2857,0.0
2025-12-19,Instagram,post_campaign,314049.0,6825.0,128900.0,1015.19,7249.0,813.0,301.0,467,250,65,166,0.0217,0.1487,0.0684,0.5353,0.26,15.6183
2025-12-19,YouTube,post_campaign,0.0,0.0,0.0,0.0,0.0,0.0,0.0,0,0,0,0,,,,,,
2025-12-19,X,post_campaign,0.0,0.0,0.0,0.0,0.0,0.0,0.0,0,0,0,0,,,,,,
2025-12-19,TV_Trailer,post_campaign,0.0,0.0,0.0,0.0,0.0,0.0,0.0,0,0,0,0,,,,,,
2025-12-19,Website,post_campaign,0.0,0.0,0.0,0.0,0.0,0.0,0.0,0,0,0,0,,,,,,
2025-12-20,TikTok,post_campaign,485502.0,5075.0,210175.0,2610.06,11607.0,3886.0,1377.0,319,149,41,81,0.0105,0.5143,0.0629,0.4671,0.2752,63.66
2025-12-20,Instagram,post_campaign,208937.0,4934.0,75807.0,0.0,7838.0,1014.0,303.0,361,178,41,98,0.0236,0.0,0.0732,0.4931,0.2303,0.0
2025-12-20,YouTube,post_campaign,0.0,0.0,0.0,0.0,0.0,0.0,0.0,0,0,0,0,,,,,,
2025-12-20,X,post_campaign,172665.0,1648.0,10667.0,495.36,2741.0,293.0,208.0,82,38,11,25,0.0095,0.3006,0.0498,0.4634,0.2895,45.0327
2025-12-20,TV_Trailer,post_campaign,0.0,0.0,0.0,0.0,0.0,0.0,0.0,0,0,0,0,,,,,,
2025-12-20,Website,post_campaign,17252.0,603.0,858.0,0.0,0.0,0.0,0.0,122,79,27,53,0.035,0.0,0.2023,0.6475,0.3418,0.0
2025-12-21,TikTok,post_campaign,1183001.0,21383.0,639146.0,907.96,61033.0,11377.0,4730.0,1315,575,122,484,0.0181,0.0425,0.0615,0.4373,0.2122,7.4423
2025-12-21,Instagram,post_campaign,0.0,0.0,0.0,0.0,0.0,0.0,0.0,0,0,0,0,,,,,,
2025-12-21,YouTube,post_campaign,0.0,0.0,0.0,0.0,0.0,0.0,0.0,0,0,0,0,,,,,,
2025-12-21,X,post_campaign,0.0,0.0,0.0,0.0,0.0,0.0,0.0,1,1,1,0,,,,1.0,1.0,0.0
2025-12-21,TV_Trailer,post_campaign,0.0,0.0,0.0,0.0,0.0,0.0,0.0,0,0,0,0,,,,,,
2025-12-21,Website,post_campaign,0.0,0.0,0.0,0.0,0.0,0.0,0.0,0,0,0,0,,,,,,
2025-12-22,TikTok,post_campaign,0.0,0.0,0.0,0.0,0.0,0.0,0.0,0,0,0,0,,,,,,
2025-12-22,Instagram,post_campaign,0.0,0.0,0.0,0.0,0.0,0.0,0.0,0,0,0,0,,,,,,
2025-12-22,YouTube,post_campaign,0.0,0.0,0.0,0.0,0.0,0.0,0.0,0,0,0,0,,,,,,
2025-12-22,X,post_campaign,0.0,0.0,0.0,0.0,0.0,0.0,0.0,0,0,0,0,,,,,,
2025-12-22,TV_Trailer,post_campaign,0.0,0.0,0.0,0.0,0.0,0.0,0.0,0,0,0,0,,,,,,
2025-12-22,Website,post_campaign,0.0,0.0,0.0,0.0,0.0,0.0,0.0,0,0,0,0,,,,,,
2025-12-23,TikTok,post_campaign,974024.0,22032.0,471502.0,4617.860000000001,32042.0,6344.0,1929.0,1249,495,112,364,0.0226,0.2096,0.0567,0.3963,0.2263,41.2309
2025-12-23,Instagram,post_campaign,124810.0,1883.0,47862.0,0.0,5679.0,526.0,150.0,154,87,15,61,0.0151,0.0,0.0818,0.5649,0.1724,0.0
2025-12-23,YouTube,post_campaign,0.0,0.0,0.0,0.0,0.0,0.0,0.0,0,0,0,0,,,,,,
2025-12-23,X,post_campaign,0.0,0.0,0.0,0.0,0.0,0.0,0.0,0,0,0,0,,,,,,
2025-12-23,TV_Trailer,post_campaign,281614.0,1809.0,73753.0,0.0,0.0,0.0,0.0,60,31,14,13,0.0064,0.0,0.0332,0.5167,0.4516,0.0
2025-12-23,Website,post_campaign,0.0,0.0,0.0,0.0,0.0,0.0,0.0,0,0,0,0,,,,,,
2025-12-24,TikTok,post_campaign,997344.0,27093.0,488270.0,1269.89,38622.0,9001.0,2382.0,1552,723,158,578,0.0272,0.0469,0.0573,0.4659,0.2185,8.0373
2025-12-24,Instagram,post_campaign,70887.0,2326.0,20001.0,0.0,2108.0,13.0,193.0,184,97,25,63,0.0328,0.0,0.0791,0.5272,0.2577,0.0
2025-12-24,YouTube,post_campaign,155507.0,1848.0,115463.0,1097.47,2257.0,399.0,415.0,124,62,17,37,0.0119,0.5939,0.0671,0.5,0.2742,64.5571
2025-12-24,X,post_campaign,27695.0,225.0,1374.0,0.0,533.0,46.0,8.0,8,2,1,1,0.0081,0.0,0.0356,0.25,0.5,0.0
2025-12-24,TV_Trailer,post_campaign,0.0,0.0,0.0,0.0,0.0,0.0,0.0,0,0,0,0,,,,,,
2025-12-24,Website,post_campaign,0.0,0.0,0.0,0.0,0.0,0.0,0.0,0,0,0,0,,,,,,
2025-12-25,TikTok,post_campaign,773672.0,13971.0,388046.0,0.0,41956.0,7264.0,2921.0,867,398,103,388,0.0181,0.0,0.0621,0.4591,0.2588,0.0
2025-12-25,Instagram,post_campaign,0.0,0.0,0.0,0.0,0.0,0.0,0.0,0,0,0,0,,,,,,
2025-12-25,YouTube,post_campaign,0.0,0.0,0.0,0.0,0.0,0.0,0.0,0,0,0,0,,,,,,
2025-12-25,X,post_campaign,111483.0,952.0,5441.0,0.0,1346.0,172.0,108.0,34,10,2,6,0.0085,0.0,0.0357,0.2941,0.2,0.0
2025-12-25,TV_Trailer,post_campaign,0.0,0.0,0.0,0.0,0.0,0.0,0.0,0,0,0,0,,,,,,
2025-12-25,Website,post_campaign,0.0,0.0,0.0,0.0,0.0,0.0,0.0,0,0,0,0,,,,,,
2025-12-26,TikTok,post_campaign,472211.0,6994.0,226740.0,0.0,23865.0,6242.0,1650.0,445,220,51,156,0.0148,0.0,0.0636,0.4944,0.2318,0.0
2025-12-26,Instagram,post_campaign,72971.0,1004.0,34587.0,0.0,1567.0,225.0,91.0,86,55,15,22,0.0138,0.0,0.0857,0.6395,0.2727,0.0
2025-12-26,YouTube,post_campaign,0.0,0.0,0.0,0.0,0.0,0.0,0.0,0,0,0,0,,,,,,
2025-12-26,X,post_campaign,0.0,0.0,0.0,0.0,0.0,0.0,0.0,0,0,0,0,,,,,,
2025-12-26,TV_Trailer,post_campaign,0.0,0.0,0.0,0.0,0.0,0.0,0.0,0,0,0,0,,,,,,
2025-12-26,Website,post_campaign,0.0,0.0,0.0,0.0,0.0,0.0,0.0,0,0,0,0,,,,,,
2025-12-27,TikTok,post_campaign,997473.0,10828.0,524020.0,1260.89,68942.0,12056.0,2412.0,679,304,76,253,0.0109,0.1164,0.0627,0.4477,0.25,16.5907
2025-12-27,Instagram,post_campaign,75137.0,1422.0,33911.0,0.0,3550.0,121.0,114.0,105,56,15,31,0.0189,0.0,0.0738,0.5333,0.2679,0.0
2025-12-27,YouTube,post_campaign,0.0,0.0,0.0,0.0,0.0,0.0,0.0,0,0,0,0,,,,,,
2025-12-27,X,post_campaign,60994.0,616.0,3074.0,758.47,807.0,23.0,76.0,26,14,2,5,0.0101,1.2313,0.0422,0.5385,0.1429,379.235
2025-12-27,TV_Trailer,post_campaign,0.0,0.0,0.0,0.0,0.0,0.0,0.0,1,1,0,0,,,,1.0,0.0,
2025-12-27,Website,post_campaign,0.0,0.0,0.0,0.0,0.0,0.0,0.0,0,0,0,0,,,,,,
2025-12-28,TikTok,post_campaign,415673.0,10978.0,216961.0,1884.33,18195.0,1765.0,711.0,621,297,69,224,0.0264,0.1716,0.0566,0.4783,0.2323,27.3091
2025-12-28,Instagram,post_campaign,271101.0,6126.0,98465.0,894.63,8916.0,659.0,150.0,467,249,79,160,0.0226,0.146,0.0762,0.5332,0.3173,11.3244
2025-12-28,YouTube,post_campaign,0.0,0.0,0.0,0.0,0.0,0.0,0.0,0,0,0,0,,,,,,
2025-12-28,X,post_campaign,0.0,0.0,0.0,0.0,0.0,0.0,0.0,0,0,0,0,,,,,,
2025-12-28,TV_Trailer,post_campaign,0.0,0.0,0.0,0.0,0.0,0.0,0.0,0,0,0,0,,,,,,
2025-12-28,Website,post_campaign,0.0,0.0,0.0,0.0,0.0,0.0,0.0,0,0,0,0,,,,,,
2025-12-29,TikTok,post_campaign,503204.0,6940.0,227543.0,0.0,14981.0,3888.0,1400.0,420,196,40,155,0.0138,0.0,0.0605,0.4667,0.2041,0.0
2025-12-29,Instagram,post_campaign,83056.0,1935.0,33816.0,0.0,2887.0,439.0,119.0,136,80,24,41,0.0233,0.0,0.0703,0.5882,0.3,0.0
2025-12-29,YouTube,post_campaign,0.0,0.0,0.0,0.0,0.0,0.0,0.0,0,0,0,0,,,,,,
2025-12-29,X,post_campaign,73160.0,1381.0,3488.0,676.98,1159.0,42.0,38.0,56,23,7,6,0.0189,0.4902,0.0406,0.4107,0.3043,96.7114
2025-12-29,TV_Trailer,post_campaign,0.0,0.0,0.0,0.0,0.0,0.0,0.0,0,0,0,0,,,,,,
2025-12-29,Website,post_campaign,0.0,0.0,0.0,0.0,0.0,0.0,0.0,0,0,0,0,,,,,,
2025-12-30,TikTok,post_campaign,627960.0,8909.0,239238.0,2895.88,27173.0,4307.0,2257.0,558,232,57,206,0.0142,0.3251,0.0626,0.4158,0.2457,50.8049
2025-12-30,Instagram,post_campaign,0.0,0.0,0.0,0.0,0.0,0.0,0.0,0,0,0,0,,,,,,
2025-12-30,YouTube,post_campaign,0.0,0.0,0.0,0.0,0.0,0.0,0.0,0,0,0,0,,,,,,
2025-12-30,X,post_campaign,80216.0,1361.0,7565.0,714.49,813.0,172.0,91.0,69,37,7,16,0.017,0.525,0.0507,0.5362,0.1892,102.07
2025-12-30,TV_Trailer,post_campaign,0.0,0.0,0.0,0.0,0.0,0.0,0.0,0,0,0,0,,,,,,
2025-12-30,Website,post_campaign,0.0,0.0,0.0,0.0,0.0,0.0,0.0,0,0,0,0,,,,,,
2025-12-31,TikTok,post_campaign,761992.0,14294.0,327111.0,0.0,46182.0,8187.0,4644.0,884,415,108,350,0.0188,0.0,0.0618,0.4695,0.2602,0.0
2025-12-31,Instagram,post_campaign,0.0,0.0,0.0,0.0,0.0,0.0,0.0,0,0,0,0,,,,,,
2025-12-31,YouTube,post_campaign,0.0,0.0,0.0,0.0,0.0,0.0,0.0,0,0,0,0,,,,,,
2025-12-31,X,post_campaign,33420.0,378.0,1577.0,0.0,468.0,41.0,28.0,21,10,1,3,0.0113,0.0,0.0556,0.4762,0.1,0.0
2025-12-31,TV_Trailer,post_campaign,0.0,0.0,0.0,0.0,0.0,0.0,0.0,0,0,0,0,,,,,,
2025-12-31,Website,post_campaign,0.0,0.0,0.0,0.0,0.0,0.0,0.0,0,0,0,0,,,,,,
2026-01-01,TikTok,post_campaign,1559373.0,18470.0,743445.0,954.78,85682.0,11979.0,2885.0,1177,523,125,393,0.0118,0.0517,0.0637,0.4444,0.239,7.6382
2026-01-01,Instagram,post_campaign,0.0,0.0,0.0,0.0,0.0,0.0,0.0,0,0,0,0,,,,,,
2026-01-01,YouTube,post_campaign,317639.0,3368.0,198977.0,1243.28,5699.0,1191.0,233.0,219,109,43,68,0.0106,0.3691,0.065,0.4977,0.3945,28.9135
2026-01-01,X,post_campaign,32930.0,292.0,2675.0,0.0,621.0,101.0,28.0,15,7,1,5,0.0089,0.0,0.0514,0.4667,0.1429,0.0
2026-01-01,TV_Trailer,post_campaign,0.0,0.0,0.0,0.0,0.0,0.0,0.0,0,0,0,0,,,,,,
2026-01-01,Website,post_campaign,28607.0,1960.0,572.0,0.0,0.0,0.0,0.0,336,214,63,125,0.0685,0.0,0.1714,0.6369,0.2944,0.0
2026-01-02,TikTok,post_campaign,766226.0,9594.0,389443.0,1030.24,40451.0,8264.0,1970.0,586,269,57,205,0.0125,0.1074,0.0611,0.459,0.2119,18.0744
2026-01-02,Instagram,post_campaign,0.0,0.0,0.0,0.0,0.0,0.0,0.0,0,0,0,0,,,,,,
2026-01-02,YouTube,post_campaign,0.0,0.0,0.0,0.0,0.0,0.0,0.0,0,0,0,0,,,,,,
2026-01-02,X,post_campaign,0.0,0.0,0.0,0.0,0.0,0.0,0.0,0,0,0,0,,,,,,
2026-01-02,TV_Trailer,post_campaign,0.0,0.0,0.0,0.0,0.0,0.0,0.0,0,0,0,0,,,,,,
2026-01-02,Website,post_campaign,27204.0,2216.0,1352.0,0.0,0.0,0.0,0.0,413,233,65,178,0.0815,0.0,0.1864,0.5642,0.279,0.0
2026-01-03,TikTok,post_campaign,612332.0,11111.0,293709.0,0.0,31233.0,4371.0,1957.0,640,327,82,209,0.0181,0.0,0.0576,0.5109,0.2508,0.0
2026-01-03,Instagram,post_campaign,112575.0,2377.0,37207.0,0.0,4567.0,691.0,176.0,172,92,21,59,0.0211,0.0,0.0724,0.5349,0.2283,0.0
2026-01-03,YouTube,post_campaign,155668.0,1416.0,91778.0,966.88,2530.0,347.0,201.0,87,47,13,25,0.0091,0.6828,0.0614,0.5402,0.2766,74.3754
2026-01-03,X,post_campaign,94125.0,1912.0,4697.0,820.93,519.0,213.0,112.0,86,36,12,24,0.0203,0.4294,0.045,0.4186,0.3333,68.4108
2026-01-03,TV_Trailer,post_campaign,0.0,0.0,0.0,0.0,0.0,0.0,0.0,0,0,0,0,,,,,,
2026-01-03,Website,post_campaign,29733.0,3070.0,594.0,0.0,0.0,0.0,0.0,517,299,119,216,0.1033,0.0,0.1684,0.5783,0.398,0.0
2026-01-04,TikTok,post_campaign,462026.0,6158.0,273648.0,1195.04,23839.0,2683.0,1892.0,369,181,50,132,0.0133,0.1941,0.0599,0.4905,0.2762,23.9008
2026-01-04,Instagram,post_campaign,0.0,0.0,0.0,0.0,0.0,0.0,0.0,0,0,0,0,,,,,,
2026-01-04,YouTube,post_campaign,0.0,0.0,0.0,0.0,0.0,0.0,0.0,0,0,0,0,,,,,,
2026-01-04,X,post_campaign,0.0,0.0,0.0,0.0,0.0,0.0,0.0,0,0,0,0,,,,,,
2026-01-04,TV_Trailer,post_campaign,0.0,0.0,0.0,0.0,0.0,0.0,0.0,0,0,0,0,,,,,,
2026-01-04,Website,post_campaign,0.0,0.0,0.0,0.0,0.0,0.0,0.0,0,0,0,0,,,,,,
2026-01-05,TikTok,post_campaign,865491.0,12537.0,395136.0,0.0,39438.0,9163.0,3185.0,752,336,86,287,0.0145,0.0,0.06,0.4468,0.256,0.0
2026-01-05,Instagram,post_campaign,354118.0,8352.0,103082.0,1038.3,10715.0,585.0,624.0,620,279,69,180,0.0236,0.1243,0.0742,0.45,0.2473,15.0478
2026-01-05,YouTube,post_campaign,0.0,0.0,0.0,0.0,0.0,0.0,0.0,0,0,0,0,,,,,,
2026-01-05,X,post_campaign,0.0,0.0,0.0,0.0,0.0,0.0,0.0,0,0,0,0,,,,,,
2026-01-05,TV_Trailer,post_campaign,0.0,0.0,0.0,0.0,0.0,0.0,0.0,0,0,0,0,,,,,,
2026-01-05,Website,post_campaign,0.0,0.0,0.0,0.0,0.0,0.0,0.0,0,0,0,0,,,,,,
2026-01-06,TikTok,post_campaign,1248036.0,18687.0,538538.0,1212.1,52449.0,13923.0,3680.0,1110,492,109,364,0.015,0.0649,0.0594,0.4432,0.2215,11.1202
2026-01-06,Instagram,post_campaign,69859.0,1190.0,16257.0,0.0,2342.0,191.0,105.0,85,47,10,32,0.017,0.0,0.0714,0.5529,0.2128,0.0
2026-01-06,YouTube,post_campaign,0.0,0.0,0.0,0.0,0.0,0.0,0.0,0,0,0,0,,,,,,
2026-01-06,X,post_campaign,0.0,0.0,0.0,0.0,0.0,0.0,0.0,0,0,0,0,,,,,,
2026-01-06,TV_Trailer,post_campaign,0.0,0.0,0.0,0.0,0.0,0.0,0.0,0,0,0,0,,,,,,
2026-01-06,Website,post_campaign,0.0,0.0,0.0,0.0,0.0,0.0,0.0,1,0,0,0,,,,0.0,,
2026-01-07,TikTok,post_campaign,881672.0,18865.0,406242.0,1457.74,48247.0,8875.0,1391.0,1140,577,139,347,0.0214,0.0773,0.0604,0.5061,0.2409,10.4873
2026-01-07,Instagram,post_campaign,96030.0,1755.0,43629.0,0.0,4036.0,120.0,274.0,148,85,26,52,0.0183,0.0,0.0843,0.5743,0.3059,0.0
2026-01-07,YouTube,post_campaign,0.0,0.0,0.0,0.0,0.0,0.0,0.0,0,0,0,0,,,,,,
2026-01-07,X,post_campaign,74554.0,468.0,2639.0,0.0,1115.0,199.0,72.0,21,8,4,6,0.0063,0.0,0.0449,0.381,0.5,0.0
2026-01-07,TV_Trailer,post_campaign,0.0,0.0,0.0,0.0,0.0,0.0,0.0,0,0,0,0,,,,,,
2026-01-07,Website,post_campaign,0.0,0.0,0.0,0.0,0.0,0.0,0.0,0,0,0,0,,,,,,
2026-01-08,TikTok,post_campaign,236663.0,5705.0,122469.0,0.0,12124.0,2653.0,1193.0,344,160,31,122,0.0241,0.0,0.0603,0.4651,0.1938,0.0
2026-01-08,Instagram,post_campaign,132891.0,2685.0,52915.0,0.0,4761.0,585.0,164.0,206,101,33,70,0.0202,0.0,0.0767,0.4903,0.3267,0.0
2026-01-08,YouTube,post_campaign,0.0,0.0,0.0,0.0,0.0,0.0,0.0,0,0,0,0,,,,,,
2026-01-08,X,post_campaign,111653.0,1604.0,4547.0,0.0,1418.0,156.0,147.0,74,24,3,24,0.0144,0.0,0.0461,0.3243,0.125,0.0
2026-01-08,TV_Trailer,post_campaign,0.0,0.0,0.0,0.0,0.0,0.0,0.0,0,0,0,0,,,,,,
2026-01-08,Website,post_campaign,0.0,0.0,0.0,0.0,0.0,0.0,0.0,0,0,0,0,,,,,,
2026-01-09,TikTok,post_campaign,299713.0,3364.0,151161.0,0.0,22849.0,1877.0,1525.0,226,107,25,89,0.0112,0.0,0.0672,0.4735,0.2336,0.0
2026-01-09,Instagram,post_campaign,0.0,0.0,0.0,0.0,0.0,0.0,0.0,0,0,0,0,,,,,,
2026-01-09,YouTube,post_campaign,44322.0,636.0,24464.0,0.0,592.0,9.0,33.0,43,17,8,9,0.0143,0.0,0.0676,0.3953,0.4706,0.0
2026-01-09,X,post_campaign,62011.0,436.0,2958.0,0.0,1195.0,207.0,112.0,28,11,4,5,0.007,0.0,0.0642,0.3929,0.3636,0.0
2026-01-09,TV_Trailer,post_campaign,0.0,0.0,0.0,0.0,0.0,0.0,0.0,0,0,0,0,,,,,,
2026-01-09,Website,post_campaign,0.0,0.0,0.0,0.0,0.0,0.0,0.0,0,0,0,0,,,,,,
2026-01-10,TikTok,post_campaign,720240.0,15270.0,344154.0,1189.48,25451.0,2517.0,2676.0,901,399,95,315,0.0212,0.0779,0.059,0.4428,0.2381,12.5208
2026-01-10,Instagram,post_campaign,49427.0,600.0,19235.0,0.0,1426.0,191.0,90.0,62,19,9,14,0.0121,0.0,0.1033,0.3065,0.4737,0.0
2026-01-10,YouTube,post_campaign,0.0,0.0,0.0,0.0,0.0,0.0,0.0,0,0,0,0,,,,,,
2026-01-10,X,post_campaign,0.0,0.0,0.0,0.0,0.0,0.0,0.0,0,0,0,0,,,,,,
2026-01-10,TV_Trailer,post_campaign,0.0,0.0,0.0,0.0,0.0,0.0,0.0,0,0,0,0,,,,,,
2026-01-10,Website,post_campaign,0.0,0.0,0.0,0.0,0.0,0.0,0.0,0,0,0,0,,,,,,
2026-01-11,TikTok,post_campaign,275320.0,3620.0,153894.0,1223.85,6106.0,988.0,1278.0,217,107,22,76,0.0131,0.3381,0.0599,0.4931,0.2056,55.6295
2026-01-11,Instagram,post_campaign,0.0,0.0,0.0,0.0,0.0,0.0,0.0,1,0,0,0,,,,0.0,,
2026-01-11,YouTube,post_campaign,0.0,0.0,0.0,0.0,0.0,0.0,0.0,0,0,0,0,,,,,,
2026-01-11,X,post_campaign,0.0,0.0,0.0,0.0,0.0,0.0,0.0,0,0,0,0,,,,,,
2026-01-11,TV_Trailer,post_campaign,205270.0,356.0,54180.0,0.0,0.0,0.0,0.0,14,9,2,6,0.0017,0.0,0.0393,0.6429,0.2222,0.0
2026-01-11,Website,post_campaign,0.0,0.0,0.0,0.0,0.0,0.0,0.0,0,0,0,0,,,,,,
2026-01-12,TikTok,post_campaign,741775.0,12261.0,353184.0,1463.0,34399.0,9028.0,2803.0,771,301,72,252,0.0165,0.1193,0.0629,0.3904,0.2392,20.3194
2026-01-12,Instagram,post_campaign,0.0,0.0,0.0,0.0,0.0,0.0,0.0,0,0,0,0,,,,,,
2026-01-12,YouTube,post_campaign,94031.0,1386.0,59467.0,0.0,2648.0,211.0,140.0,75,35,13,17,0.0147,0.0,0.0541,0.4667,0.3714,0.0
2026-01-12,X,post_campaign,32514.0,734.0,1665.0,0.0,178.0,42.0,0.0,32,14,3,4,0.0226,0.0,0.0436,0.4375,0.2143,0.0
2026-01-12,TV_Trailer,post_campaign,0.0,0.0,0.0,0.0,0.0,0.0,0.0,1,1,1,0,,,,1.0,1.0,0.0
2026-01-12,Website,post_campaign,0.0,0.0,0.0,0.0,0.0,0.0,0.0,0,0,0,0,,,,,,
2026-01-13,TikTok,post_campaign,570597.0,7914.0,254460.0,1273.05,53383.0,8622.0,1843.0,462,194,50,176,0.0139,0.1609,0.0584,0.4199,0.2577,25.461
2026-01-13,Instagram,post_campaign,192086.0,2891.0,62300.0,908.8,4567.0,504.0,488.0,218,115,27,67,0.0151,0.3144,0.0754,0.5275,0.2348,33.6593
2026-01-13,YouTube,post_campaign,68332.0,1105.0,39551.0,0.0,1350.0,289.0,127.0,56,24,3,19,0.0162,0.0,0.0507,0.4286,0.125,0.0
2026-01-13,X,post_campaign,0.0,0.0,0.0,0.0,0.0,0.0,0.0,0,0,0,0,,,,,,
2026-01-13,TV_Trailer,post_campaign,0.0,0.0,0.0,0.0,0.0,0.0,0.0,0,0,0,0,,,,,,
2026-01-13,Website,post_campaign,0.0,0.0,0.0,0.0,0.0,0.0,0.0,0,0,0,0,,,,,,
2026-01-14,TikTok,post_campaign,296143.0,4453.0,185241.0,0.0,12003.0,2983.0,169.0,264,118,20,84,0.015,0.0,0.0593,0.447,0.1695,0.0
2026-01-14,Instagram,post_campaign,106392.0,2291.0,39997.0,0.0,3404.0,14.0,142.0,162,79,27,59,0.0215,0.0,0.0707,0.4877,0.3418,0.0
2026-01-14,YouTube,post_campaign,105494.0,1900.0,69388.0,0.0,2189.0,307.0,87.0,111,52,24,46,0.018,0.0,0.0584,0.4685,0.4615,0.0
2026-01-14,X,post_campaign,38769.0,652.0,775.0,0.0,509.0,130.0,47.0,28,10,0,6,0.0168,0.0,0.0429,0.3571,0.0,
2026-01-14,TV_Trailer,post_campaign,0.0,0.0,0.0,0.0,0.0,0.0,0.0,0,0,0,0,,,,,,
2026-01-14,Website,post_campaign,0.0,0.0,0.0,0.0,0.0,0.0,0.0,0,0,0,0,,,,,,
2026-01-15,TikTok,post_campaign,190131.0,1543.0,92864.0,0.0,9228.0,2176.0,885.0,106,42,5,35,0.0081,0.0,0.0687,0.3962,0.119,0.0
2026-01-15,Instagram,post_campaign,0.0,0.0,0.0,0.0,0.0,0.0,0.0,0,0,0,0,,,,,,
2026-01-15,YouTube,post_campaign,0.0,0.0,0.0,0.0,0.0,0.0,0.0,0,0,0,0,,,,,,
2026-01-15,X,post_campaign,52149.0,870.0,3132.0,0.0,612.0,109.0,0.0,38,13,4,9,0.0167,0.0,0.0437,0.3421,0.3077,0.0
2026-01-15,TV_Trailer,post_campaign,0.0,0.0,0.0,0.0,0.0,0.0,0.0,0,0,0,0,,,,,,
2026-01-15,Website,post_campaign,0.0,0.0,0.0,0.0,0.0,0.0,0.0,0,0,0,0,,,,,,
2026-01-16,TikTok,post_campaign,539527.0,10076.0,271423.0,0.0,21438.0,6637.0,1748.0,584,300,87,214,0.0187,0.0,0.058,0.5137,0.29,0.0
2026-01-16,Instagram,post_campaign,0.0,0.0,0.0,0.0,0.0,0.0,0.0,0,0,0,0,,,,,,
2026-01-16,YouTube,post_campaign,0.0,0.0,0.0,0.0,0.0,0.0,0.0,0,0,0,0,,,,,,
2026-01-16,X,post_campaign,65969.0,741.0,2684.0,0.0,812.0,160.0,84.0,38,22,5,7,0.0112,0.0,0.0513,0.5789,0.2273,0.0
2026-01-16,TV_Trailer,post_campaign,0.0,0.0,0.0,0.0,0.0,0.0,0.0,1,0,0,0,,,,0.0,,
2026-01-16,Website,post_campaign,0.0,0.0,0.0,0.0,0.0,0.0,0.0,0,0,0,0,,,,,,
2026-01-17,TikTok,post_campaign,558984.0,9953.0,267890.0,0.0,33943.0,4980.0,1200.0,594,300,85,174,0.0178,0.0,0.0597,0.5051,0.2833,0.0
2026-01-17,Instagram,post_campaign,0.0,0.0,0.0,0.0,0.0,0.0,0.0,0,0,0,0,,,,,,
2026-01-17,YouTube,post_campaign,0.0,0.0,0.0,0.0,0.0,0.0,0.0,0,0,0,0,,,,,,
2026-01-17,X,post_campaign,63732.0,405.0,3317.0,0.0,641.0,156.0,43.0,20,8,2,5,0.0064,0.0,0.0494,0.4,0.25,0.0
2026-01-17,TV_Trailer,post_campaign,0.0,0.0,0.0,0.0,0.0,0.0,0.0,0,0,0,0,,,,,,
2026-01-17,Website,post_campaign,22888.0,2138.0,1690.0,0.0,0.0,0.0,0.0,377,232,86,146,0.0934,0.0,0.1763,0.6154,0.3707,0.0
2026-01-18,TikTok,post_campaign,950170.0,10825.0,388861.0,0.0,53271.0,8815.0,3260.0,680,341,85,219,0.0114,0.0,0.0628,0.5015,0.2493,0.0
2026-01-18,Instagram,post_campaign,0.0,0.0,0.0,0.0,0.0,0.0,0.0,0,0,0,0,,,,,,
2026-01-18,YouTube,post_campaign,69789.0,817.0,34681.0,0.0,2165.0,225.0,111.0,38,20,3,9,0.0117,0.0,0.0465,0.5263,0.15,0.0
2026-01-18,X,post_campaign,0.0,0.0,0.0,0.0,0.0,0.0,0.0,0,0,0,0,,,,,,
2026-01-18,TV_Trailer,post_campaign,0.0,0.0,0.0,0.0,0.0,0.0,0.0,0,0,0,0,,,,,,
2026-01-18,Website,post_campaign,0.0,0.0,0.0,0.0,0.0,0.0,0.0,0,0,0,0,,,,,,
2026-01-19,TikTok,post_campaign,479800.0,6700.0,249672.0,0.0,23549.0,4979.0,1382.0,429,203,43,141,0.014,0.0,0.064,0.4732,0.2118,0.0
2026-01-19,Instagram,post_campaign,58995.0,2284.0,21321.0,0.0,1166.0,388.0,131.0,156,81,25,59,0.0387,0.0,0.0683,0.5192,0.3086,0.0
2026-01-19,YouTube,post_campaign,0.0,0.0,0.0,0.0,0.0,0.0,0.0,0,0,0,0,,,,,,
2026-01-19,X,post_campaign,59954.0,992.0,3079.0,0.0,972.0,142.0,19.0,48,16,3,11,0.0165,0.0,0.0484,0.3333,0.1875,0.0
2026-01-19,TV_Trailer,post_campaign,183740.0,1376.0,53581.0,0.0,0.0,0.0,0.0,45,26,10,18,0.0075,0.0,0.0327,0.5778,0.3846,0.0
2026-01-19,Website,post_campaign,0.0,0.0,0.0,0.0,0.0,0.0,0.0,0,0,0,0,,,,,,
2026-01-20,TikTok,post_campaign,185021.0,1968.0,90967.0,0.0,8023.0,1629.0,985.0,132,61,17,58,0.0106,0.0,0.0671,0.4621,0.2787,0.0
2026-01-20,Instagram,post_campaign,109567.0,1578.0,45027.0,0.0,3214.0,65.0,120.0,108,53,18,23,0.0144,0.0,0.0684,0.4907,0.3396,0.0
2026-01-20,YouTube,post_campaign,224309.0,2433.0,137239.0,0.0,3635.0,862.0,242.0,151,76,27,35,0.0108,0.0,0.0621,0.5033,0.3553,0.0
2026-01-20,X,post_campaign,33345.0,233.0,1190.0,0.0,485.0,61.0,18.0,17,7,1,1,0.007,0.0,0.073,0.4118,0.1429,0.0
2026-01-20,TV_Trailer,post_campaign,0.0,0.0,0.0,0.0,0.0,0.0,0.0,0,0,0,0,,,,,,
2026-01-20,Website,post_campaign,0.0,0.0,0.0,0.0,0.0,0.0,0.0,0,0,0,0,,,,,,
2026-01-21,TikTok,post_campaign,998243.0,18870.0,504478.0,0.0,57531.0,11748.0,3823.0,1097,530,119,446,0.0189,0.0,0.0581,0.4831,0.2245,0.0
2026-01-21,Instagram,post_campaign,239881.0,5526.0,87656.0,1318.46,4377.0,745.0,368.0,385,208,59,124,0.023,0.2386,0.0697,0.5403,0.2837,22.3468
2026-01-21,YouTube,post_campaign,0.0,0.0,0.0,0.0,0.0,0.0,0.0,0,0,0,0,,,,,,
2026-01-21,X,post_campaign,67370.0,658.0,3582.0,0.0,1429.0,96.0,105.0,34,12,1,10,0.0098,0.0,0.0517,0.3529,0.0833,0.0
2026-01-21,TV_Trailer,post_campaign,0.0,0.0,0.0,0.0,0.0,0.0,0.0,0,0,0,0,,,,,,
2026-01-21,Website,post_campaign,0.0,0.0,0.0,0.0,0.0,0.0,0.0,0,0,0,0,,,,,,
2026-01-22,TikTok,post_campaign,805102.0,13742.0,393910.0,0.0,50609.0,10409.0,2690.0,839,394,114,304,0.0171,0.0,0.0611,0.4696,0.2893,0.0
2026-01-22,Instagram,post_campaign,355747.0,7562.0,138137.0,0.0,12253.0,874.0,616.0,579,278,81,159,0.0213,0.0,0.0766,0.4801,0.2914,0.0
2026-01-22,YouTube,post_campaign,0.0,0.0,0.0,0.0,0.0,0.0,0.0,0,0,0,0,,,,,,
2026-01-22,X,post_campaign,0.0,0.0,0.0,0.0,0.0,0.0,0.0,0,0,0,0,,,,,,
2026-01-22,TV_Trailer,post_campaign,0.0,0.0,0.0,0.0,0.0,0.0,0.0,0,0,0,0,,,,,,
2026-01-22,Website,post_campaign,0.0,0.0,0.0,0.0,0.0,0.0,0.0,0,0,0,0,,,,,,
2026-01-23,TikTok,post_campaign,196136.0,2963.0,89259.0,0.0,5321.0,0.0,0.0,193,97,33,61,0.0151,0.0,0.0651,0.5026,0.3402,0.0
2026-01-23,Instagram,post_campaign,208440.0,2730.0,73494.0,1293.85,5953.0,826.0,543.0,179,89,26,62,0.0131,0.4739,0.0656,0.4972,0.2921,49.7635
2026-01-23,YouTube,post_campaign,53545.0,526.0,33560.0,0.0,991.0,187.0,75.0,35,22,9,8,0.0098,0.0,0.0665,0.6286,0.4091,0.0
2026-01-23,X,post_campaign,89322.0,1038.0,4876.0,0.0,1424.0,144.0,108.0,52,18,3,7,0.0116,0.0,0.0501,0.3462,0.1667,0.0
2026-01-23,TV_Trailer,post_campaign,0.0,0.0,0.0,0.0,0.0,0.0,0.0,0,0,0,0,,,,,,
2026-01-23,Website,post_campaign,0.0,0.0,0.0,0.0,0.0,0.0,0.0,0,0,0,0,,,,,,
2026-01-24,TikTok,post_campaign,1207318.0,16807.0,572574.0,1100.99,61571.0,16315.0,4787.0,1033,444,119,317,0.0139,0.0655,0.0615,0.4298,0.268,9.252
2026-01-24,Instagram,post_campaign,215709.0,6930.0,77397.0,1152.86,3712.0,817.0,175.0,519,290,94,166,0.0321,0.1664,0.0749,0.5588,0.3241,12.2645
2026-01-24,YouTube,post_campaign,0.0,0.0,0.0,0.0,0.0,0.0,0.0,0,0,0,0,,,,,,
2026-01-24,X,post_campaign,0.0,0.0,0.0,0.0,0.0,0.0,0.0,2,1,0,0,,,,0.5,0.0,
2026-01-24,TV_Trailer,post_campaign,0.0,0.0,0.0,0.0,0.0,0.0,0.0,0,0,0,0,,,,,,
2026-01-24,Website,post_campaign,0.0,0.0,0.0,0.0,0.0,0.0,0.0,0,0,0,0,,,,,,
2026-01-25,TikTok,post_campaign,463924.0,13118.0,232986.0,1395.95,8792.0,4932.0,1249.0,813,333,97,297,0.0283,0.1064,0.062,0.4096,0.2913,14.3912
2026-01-25,Instagram,post_campaign,291396.0,3892.0,116045.0,0.0,17405.0,1317.0,643.0,298,157,33,97,0.0134,0.0,0.0766,0.5268,0.2102,0.0
2026-01-25,YouTube,post_campaign,0.0,0.0,0.0,0.0,0.0,0.0,0.0,0,0,0,0,,,,,,
2026-01-25,X,post_campaign,25130.0,152.0,1719.0,0.0,252.0,36.0,5.0,5,4,0,0,0.006,0.0,0.0329,0.8,0.0,
2026-01-25,TV_Trailer,post_campaign,0.0,0.0,0.0,0.0,0.0,0.0,0.0,0,0,0,0,,,,,,
2026-01-25,Website,post_campaign,0.0,0.0,0.0,0.0,0.0,0.0,0.0,0,0,0,0,,,,,,
2026-01-26,TikTok,post_campaign,1282594.0,19022.0,615942.0,4851.88,64613.0,13109.0,4796.0,1130,507,108,445,0.0148,0.2551,0.0594,0.4487,0.213,44.9248
2026-01-26,Instagram,post_campaign,149527.0,3528.0,49727.0,0.0,9280.0,611.0,395.0,227,123,36,56,0.0236,0.0,0.0643,0.5419,0.2927,0.0
2026-01-26,YouTube,post_campaign,0.0,0.0,0.0,0.0,0.0,0.0,0.0,2,1,0,0,,,,0.5,0.0,
2026-01-26,X,post_campaign,40308.0,641.0,3502.0,0.0,302.0,64.0,36.0,36,13,3,8,0.0159,0.0,0.0562,0.3611,0.2308,0.0
2026-01-26,TV_Trailer,post_campaign,0.0,0.0,0.0,0.0,0.0,0.0,0.0,0,0,0,0,,,,,,
2026-01-26,Website,post_campaign,0.0,0.0,0.0,0.0,0.0,0.0,0.0,0,0,0,0,,,,,,
2026-01-27,TikTok,post_campaign,650179.0,9823.0,331207.0,0.0,44134.0,6088.0,2597.0,644,248,75,222,0.0151,0.0,0.0656,0.3851,0.3024,0.0
2026-01-27,Instagram,post_campaign,0.0,0.0,0.0,0.0,0.0,0.0,0.0,0,0,0,0,,,,,,
2026-01-27,YouTube,post_campaign,0.0,0.0,0.0,0.0,0.0,0.0,0.0,0,0,0,0,,,,,,
2026-01-27,X,post_campaign,0.0,0.0,0.0,0.0,0.0,0.0,0.0,0,0,0,0,,,,,,
2026-01-27,TV_Trailer,post_campaign,0.0,0.0,0.0,0.0,0.0,0.0,0.0,0,0,0,0,,,,,,
2026-01-27,Website,post_campaign,0.0,0.0,0.0,0.0,0.0,0.0,0.0,0,0,0,0,,,,,,
2026-01-28,TikTok,post_campaign,302460.0,2786.0,130570.0,0.0,14497.0,0.0,1519.0,179,73,14,68,0.0092,0.0,0.0642,0.4078,0.1918,0.0
2026-01-28,Instagram,post_campaign,202880.0,4497.0,79572.0,980.49,7108.0,909.0,443.0,325,145,44,121,0.0222,0.218,0.0723,0.4462,0.3034,22.2839
2026-01-28,YouTube,post_campaign,299262.0,3818.0,167189.0,1139.22,6574.0,793.0,176.0,180,86,22,60,0.0128,0.2984,0.0471,0.4778,0.2558,51.7827
2026-01-28,X,post_campaign,0.0,0.0,0.0,0.0,0.0,0.0,0.0,0,0,0,0,,,,,,
2026-01-28,TV_Trailer,post_campaign,172103.0,102.0,58540.0,0.0,0.0,0.0,0.0,5,1,1,1,0.0006,0.0,0.049,0.2,1.0,0.0
2026-01-28,Website,post_campaign,22718.0,3158.0,850.0,0.0,0.0,0.0,0.0,537,308,104,206,0.139,0.0,0.17,0.5736,0.3377,0.0
2026-01-29,TikTok,post_campaign,849934.0,13711.0,375783.0,2475.51,28268.0,5627.0,2841.0,837,348,96,288,0.0161,0.1805,0.061,0.4158,0.2759,25.7866
2026-01-29,Instagram,post_campaign,83317.0,2719.0,36518.0,0.0,4700.0,403.0,160.0,195,84,26,57,0.0326,0.0,0.0717,0.4308,0.3095,0.0
2026-01-29,YouTube,post_campaign,0.0,0.0,0.0,0.0,0.0,0.0,0.0,0,0,0,0,,,,,,
2026-01-29,X,post_campaign,45308.0,567.0,1525.0,0.0,421.0,46.0,14.0,25,12,1,5,0.0125,0.0,0.0441,0.48,0.0833,0.0
2026-01-29,TV_Trailer,post_campaign,185300.0,850.0,40565.0,0.0,0.0,0.0,0.0,24,17,6,7,0.0046,0.0,0.0282,0.7083,0.3529,0.0
2026-01-29,Website,post_campaign,0.0,0.0,0.0,0.0,0.0,0.0,0.0,0,0,0,0,,,,,,
2026-01-30,TikTok,post_campaign,583828.0,10832.0,300580.0,1218.68,24044.0,6798.0,1177.0,667,310,57,226,0.0186,0.1125,0.0616,0.4648,0.1839,21.3804
2026-01-30,Instagram,post_campaign,112409.0,3465.0,48758.0,0.0,2250.0,62.0,106.0,245,123,29,70,0.0308,0.0,0.0707,0.502,0.2358,0.0
2026-01-30,YouTube,post_campaign,0.0,0.0,0.0,0.0,0.0,0.0,0.0,0,0,0,0,,,,,,
2026-01-30,X,post_campaign,92540.0,927.0,10189.0,732.56,1586.0,233.0,92.0,48,18,3,15,0.01,0.7902,0.0518,0.375,0.1667,244.1867
2026-01-30,TV_Trailer,post_campaign,0.0,0.0,0.0,0.0,0.0,0.0,0.0,0,0,0,0,,,,,,
2026-01-30,Website,post_campaign,0.0,0.0,0.0,0.0,0.0,0.0,0.0,0,0,0,0,,,,,,
2026-01-31,TikTok,post_campaign,700924.0,12149.0,299005.0,2168.78,33793.0,6319.0,2393.0,705,257,64,184,0.0173,0.1785,0.058,0.3645,0.249,33.8872
2026-01-31,Instagram,post_campaign,123552.0,1855.0,44881.0,0.0,5633.0,206.0,36.0,128,67,19,42,0.015,0.0,0.069,0.5234,0.2836,0.0
2026-01-31,YouTube,post_campaign,0.0,0.0,0.0,0.0,0.0,0.0,0.0,0,0,0,0,,,,,,
2026-01-31,X,post_campaign,0.0,0.0,0.0,0.0,0.0,0.0,0.0,0,0,0,0,,,,,,
2026-01-31,TV_Trailer,post_campaign,0.0,0.0,0.0,0.0,0.0,0.0,0.0,0,0,0,0,,,,,,
2026-01-31,Website,post_campaign,0.0,0.0,0.0,0.0,0.0,0.0,0.0,0,0,0,0,,,,,,
